"ISIR_Field_Name","Aid_Year","Auto_Code_Clearing_Logic","Documents_Required","Additional_Notification_Message","Resolution_Required","Flag_Index"
"ALIENREGISTRATIONNUMBER","2014-2015","return true;","","","false","14"
"AREYOUONACTIVEDUTYINUSARMEDFORCES","2014-2015","return true;","","","false","65"
"ASOFTODAYANEMANCIPATEDMINOR","2014-2015","return true;","","","false","70"
"ASOFTODAYINLEGALGUARDIANSHIP","2014-2015","return true;","","","false","71"
"ATRISKOFHOMELESSNESS","2014-2015","return true;","","","false","74"
"BORNBEFORE","2014-2015","return true;","","","false","62"
"CITIZENSHIPSTATUS","2014-2015","return true;","","","false","13"
"DATEAPPLICATIONCOMPLETED","2014-2015","return true;","","","false","152"
"DATEOFBIRTH","2014-2015","return true;","","","false","8"
"DEGREECERTIFICATE","2014-2015","return true;","","","false","32"
"DEPENDENCYOVERRIDE","2014-2015","return true;","","","false","163"
"DOYOUWANTSELECTIVESERVICETOREGISTERYOU","2014-2015","return true;","","","false","21"
"DRIVERLICENSENUMBER","2014-2015","return true;","","","false","10"
"DRIVERLICENSESTATE","2014-2015","return true;","","","false","11"
"DRUGCONVICTIONAFFECTINGELIGIBILITY","2014-2015","return true;","","","false","22"
"EMAILADDRESS","2014-2015","return true;","","","false","12"
"FAAFEDERALSCHOOLCODE","2014-2015","return true;","","","false","165"
"FEDERALSCHOOLCODE1","2014-2015","return true;","","","false","132"
"FEDERALSCHOOLCODE10","2014-2015","return true;","","","false","150"
"FEDERALSCHOOLCODE10HOUSINGPLANS","2014-2015","return true;","","","false","151"
"FEDERALSCHOOLCODE1HOUSINGPLANS","2014-2015","return true;","","","false","133"
"FEDERALSCHOOLCODE2","2014-2015","return true;","","","false","134"
"FEDERALSCHOOLCODE2HOUSINGPLANS","2014-2015","return true;","","","false","135"
"FEDERALSCHOOLCODE3","2014-2015","return true;","","","false","136"
"FEDERALSCHOOLCODE3HOUSINGPLANS","2014-2015","return true;","","","false","137"
"FEDERALSCHOOLCODE4","2014-2015","return true;","","","false","138"
"FEDERALSCHOOLCODE4HOUSINGPLANS","2014-2015","return true;","","","false","139"
"FEDERALSCHOOLCODE5","2014-2015","return true;","","","false","140"
"FEDERALSCHOOLCODE5HOUSINGPLANS","2014-2015","return true;","","","false","141"
"FEDERALSCHOOLCODE6","2014-2015","return true;","","","false","142"
"FEDERALSCHOOLCODE6HOUSINGPLANS","2014-2015","return true;","","","false","143"
"FEDERALSCHOOLCODE7","2014-2015","return true;","","","false","144"
"FEDERALSCHOOLCODE7HOUSINGPLANS","2014-2015","return true;","","","false","145"
"FEDERALSCHOOLCODE8","2014-2015","return true;","","","false","146"
"FEDERALSCHOOLCODE8HOUSINGPLANS","2014-2015","return true;","","","false","147"
"FEDERALSCHOOLCODE9","2014-2015","return true;","","","false","148"
"FEDERALSCHOOLCODE9HOUSINGPLANS","2014-2015","return true;","","","false","149"
"FIRSTBACHELORSDEGREEBY","2014-2015","return true;","","","false","30"
"GRADELEVELINCOLLEGE","2014-2015","return true;","","","false","31"
"HAVECHILDRENYOUSUPPORT","2014-2015","return true;","","","false","67"
"HAVELEGALDEPENDENTSOTHERTHANCHILDRENORSPOUSE","2014-2015","return true;","","","false","68"
"HIGHSCHOOLCITY","2014-2015","return true;","","","false","27"
"HIGHSCHOOLNAME","2014-2015","return true;","","","false","26"
"HIGHSCHOOLSTATE","2014-2015","return true;","","","false","28"
"HSDIPLOMAOREQUIVALENT","2014-2015","return true;","","","false","25"
"INTERESTEDINWORKSTUDY","2014-2015","return true;","","","false","33"
"ISSTUDENTMARRIED","2014-2015","return true;","","","false","63"
"LEGALSTATERESIDENCE","2014-2015","return true;","","","false","17"
"MAILINGADDRESS","2014-2015","return true;","","","false","3"
"MARITALSTATUSDATE","2014-2015","return true;","","","false","16"
"ORPHANWARDOFCOURTORFOSTERCARE","2014-2015","return true;","","","false","69"
"PARENT1DATEOFBIRTH","2014-2015","return true;","","","false","80"
"PARENT1FIRSTNAMEINITIAL","2014-2015","return true;","","","false","79"
"PARENT1HIGHESTGRADELEVELCOMPLETED","2014-2015","return true;","","","false","23"
"PARENT1INCOMEEARNEDFROMWORK","2014-2015","return true;","","","false","104"
"PARENT1LASTNAME","2014-2015","return true;","","","false","78"
"PARENT1SOCIALSECURITYNUMBER","2014-2015","return true;","","","false","77"
"PARENT2DATEOFBIRTH","2014-2015","return true;","","","false","84"
"PARENT2FIRSTNAMEINITIAL","2014-2015","return true;","","","false","83"
"PARENT2HIGHESTGRADELEVELCOMPLETED","2014-2015","return true;","","","false","24"
"PARENT2INCOMEEARNEDFROMWORK","2014-2015","return true;","","","false","105"
"PARENT2LASTNAME","2014-2015","return true;","","","false","82"
"PARENT2SOCIALSECURITYNUMBER","2014-2015","return true;","","","false","81"
"PARENTDISLOCATEDWORKER","2014-2015","return true;","","","false","100"
"PARENTFOODSTAMPBENEFITS","2014-2015","return true;","","","false","92"
"PARENTFREEORREDUCEDPRICESCHOOLLUNCHBENEFITS","2014-2015","return true;","","","false","93"
"PARENTSADJUSTEDGROSSINCOMEFROMIRSFORM","2014-2015","return true;","","","false","101"
"PARENTSBUSINESSANDORINVESTMENTFARMNETWORTH","2014-2015","return true;","","","false","108"
"PARENTSCASHSAVINGSANDCHECKING","2014-2015","return true;","","","false","106"
"PARENTSCHILDSUPPORTPAID","2014-2015","return true;","","","false","110"
"PARENTSCHILDSUPPORTRECEIVED","2014-2015","return true;","","","false","117"
"PARENTSCOMBATPAY","2014-2015","return true;","","","false","113"
"PARENTSCOOPERATIVEEDUCATION","2014-2015","return true;","","","false","114"
"PARENTSEDUCATIONALCREDITS","2014-2015","return true;","","","false","109"
"PARENTSELIGIBLETOFILE1040AOR1040EZ","2014-2015","return true;","","","false","99"
"PARENTSEMAILADDRESS","2014-2015","return true;","","","false","85"
"PARENTSEXEMPTIONSCLAIMED","2014-2015","return true;","","","false","103"
"PARENTSGRANTSCHOLARSHIPAID","2014-2015","return true;","","","false","112"
"PARENTSINTERESTINCOME","2014-2015","return true;","","","false","118"
"PARENTSINVESTMENTNETWORTH","2014-2015","return true;","","","false","107"
"PARENTSIRADISTRIBUTIONS","2014-2015","return true;","","","false","119"
"PARENTSIRAPAYMENTS","2014-2015","return true;","","","false","116"
"PARENTSLEGALRESIDENCEDATE","2014-2015","return true;","","","false","88"
"PARENTSLEGALRESIDENTSBEFORE","2014-2015","return true;","","","false","87"
"PARENTSMARITALSTATUS","2014-2015","return true;","","","false","75"
"PARENTSMARITALSTATUSDATE","2014-2015","return true;","","","false","76"
"PARENTSMILITARYCLERGYALLOWANCES","2014-2015","return true;","","","false","121"
"PARENTSNEEDBASEDEMPLOYMENT","2014-2015","return true;","","","false","111"
"PARENTSNUMBERINCOLLEGE","2014-2015","return true;","","","false","90"
"PARENTSNUMBEROFFAMILYMEMBERS","2014-2015","return true;","","","false","89"
"PARENTSOTHERUNTAXEDINCOME","2014-2015","return true;","","","false","123"
"PARENTSPENSIONPAYMENTS","2014-2015","return true;","","","false","115"
"PARENTSSTATEOFLEGALRESIDENCE","2014-2015","return true;","","","false","86"
"PARENTSTAXRETURNCOMPLETED","2014-2015","return true;","","","false","96"
"PARENTSTAXRETURNFILINGSTATUS","2014-2015","return true;","","","false","98"
"PARENTSTYPEOFTAXFORMUSED","2014-2015","return true;","","","false","97"
"PARENTSUNTAXEDPENSIONS","2014-2015","return true;","","","false","120"
"PARENTSUPPLEMENTALSECURITYINCOMEBENEFITS","2014-2015","return true;","","","false","91"
"PARENTSUSINCOMETAXPAID","2014-2015","return true;","","","false","102"
"PARENTSVETERANSNONEDUCATIONBENEFITS","2014-2015","return true;","","","false","122"
"PARENTTANFBENEFITS","2014-2015","return true;","","","false","94"
"PARENTWICBENEFITS","2014-2015","return true;","","","false","95"
"PERMANENTCITY","2014-2015","return true;","","","false","4"
"PERMANENTPHONENO","2014-2015","return true;","","","false","9"
"PERMANENTSTATE","2014-2015","return true;","","","false","5"
"PERMANENTZIPCODE","2014-2015","return true;","","","false","6"
"PREPARERSEMPLOYERIDENTIFICATIONNUMBEREIN","2014-2015","return true;","","","false","155"
"PREPARERSSIGNATURE","2014-2015","return true;","","","false","156"
"PREPARERSSOCIALSECURITYNUMBER","2014-2015","return true;","","","false","154"
"PROFESSIONALJUDGMENT","2014-2015","return true;","","","false","164"
"SIGNEDBY","2014-2015","return true;","","","false","153"
"SPOUSESINCOMEEARNEDFROMWORK","2014-2015","return true;","","","false","42"
"STUDENTELIGIBLETOFILE1040AOR1040EZ","2014-2015","return true;","","","false","37"
"STUDENTFIRSTNAME","2014-2015","return true;","","","false","1"
"STUDENTFOODSTAMPBENEFITS","2014-2015","return true;","","","false","127"
"STUDENTFREEORREDUCEDPRICESCHOOLLUNCHBENEFITS","2014-2015","return true;","","","false","128"
"STUDENTLASTNAME","2014-2015","return true;","","","false","0"
"STUDENTLEGALRESDATE","2014-2015","return true;","","","false","19"
"STUDENTMARITALSTATUS","2014-2015","return true;","","","false","15"
"STUDENTMIDDLEINITIAL","2014-2015","return true;","","","false","2"
"STUDENTSADJUSTEDGROSSINCOMEFROMIRSFORM","2014-2015","return true;","","","false","38"
"STUDENTSBUSINESSANDORINVESTMENTFARMNETWORTH","2014-2015","return true;","","","false","45"
"STUDENTSCASHSAVINGSANDCHECKING","2014-2015","return true;","","","false","43"
"STUDENTSCHILDSUPPORTPAID","2014-2015","return true;","","","false","47"
"STUDENTSCHILDSUPPORTRECEIVED","2014-2015","return true;","","","false","54"
"STUDENTSCOMBATPAY","2014-2015","return true;","","","false","50"
"STUDENTSCOOPERATIVEEDUCATION","2014-2015","return true;","","","false","51"
"STUDENTSEDUCATIONALCREDITS","2014-2015","return true;","","","false","46"
"STUDENTSEX","2014-2015","return true;","","","false","20"
"STUDENTSEXEMPTIONSCLAIMED","2014-2015","return true;","","","false","40"
"STUDENTSGRANTSCHOLARSHIPAID","2014-2015","return true;","","","false","49"
"STUDENTSINCOMEEARNEDFROMWORK","2014-2015","return true;","","","false","41"
"STUDENTSINTERESTINCOME","2014-2015","return true;","","","false","55"
"STUDENTSINVESTMENTNETWORTH","2014-2015","return true;","","","false","44"
"STUDENTSIRADISTRIBUTIONS","2014-2015","return true;","","","false","56"
"STUDENTSIRAPAYMENTS","2014-2015","return true;","","","false","53"
"STUDENTSMILITARYCLERGYALLOWANCES","2014-2015","return true;","","","false","58"
"STUDENTSNEEDBASEDEMPLOYMENT","2014-2015","return true;","","","false","48"
"STUDENTSNUMBERINCOLLEGE","2014-2015","return true;","","","false","125"
"STUDENTSNUMBEROFFAMILYMEMBERS","2014-2015","return true;","","","false","124"
"STUDENTSOTHERNONREPORTEDMONEY","2014-2015","return true;","","","false","61"
"STUDENTSOTHERUNTAXEDINCOME","2014-2015","return true;","","","false","60"
"STUDENTSPENSIONPAYMENTS","2014-2015","return true;","","","false","52"
"STUDENTSPOUSEDISLOCATEDWORKER","2014-2015","return true;","","","false","131"
"STUDENTSSN","2014-2015","return true;","","","false","7"
"STUDENTSTAXRETURNCOMPLETED","2014-2015","return true;","","","false","34"
"STUDENTSTAXRETURNFILINGSTATUS","2014-2015","return true;","","","false","36"
"STUDENTSTYPEOFTAXFORMUSED","2014-2015","return true;","","","false","35"
"STUDENTSUNTAXEDPENSIONS","2014-2015","return true;","","","false","57"
"STUDENTSUPPLEMENTALSECURITYINCOMEBENEFITS","2014-2015","return true;","","","false","126"
"STUDENTSUSINCOMETAXPAID","2014-2015","return true;","","","false","39"
"STUDENTSVETERANSNONEDUCATIONBENEFITS","2014-2015","return true;","","","false","59"
"STUDENTTANFBENEFITS","2014-2015","return true;","","","false","129"
"STUDENTWICBENEFITS","2014-2015","return true;","","","false","130"
"STUNDENTSLEGALRESIDENCEBEFORE","2014-2015","return true;","","","false","18"
"UNACCOMPANIEDYOUTHDETERMINEDBYHUD","2014-2015","return true;","","","false","73"
"UNACCOMPANIEDYOUTHDETERMINEDBYSCHOOLDISTRICTLIAISON","2014-2015","return true;","","","false","72"
"VETERANOFUSARMEDFORCES","2014-2015","return true;","","","false","66"
"WORKINGONAMASTERSORDOCTORATEPROGRAM","2014-2015","return true;","","","false","64"
"ALIENREGISTRATIONNUMBER","2015-2016","return true;","","","false","14"
"AREYOUONACTIVEDUTYINUSARMEDFORCES","2015-2016","return true;","","","false","65"
"ASOFTODAYANEMANCIPATEDMINOR","2015-2016","return true;","","","false","70"
"ASOFTODAYINLEGALGUARDIANSHIP","2015-2016","return true;","","","false","71"
"ATRISKOFHOMELESSNESS","2015-2016","return true;","","","false","74"
"BORNBEFORE","2015-2016","return true;","","","false","62"
"CITIZENSHIPSTATUS","2015-2016","return true;","","","false","13"
"DATEAPPLICATIONCOMPLETED","2015-2016","return true;","","","false","152"
"DATEOFBIRTH","2015-2016","return true;","","","false","8"
"DEGREECERTIFICATE","2015-2016","return true;","","","false","32"
"DEPENDENCYOVERRIDE","2015-2016","return true;","","","false","163"
"DOYOUWANTSELECTIVESERVICETOREGISTERYOU","2015-2016","return true;","","","false","21"
"DRIVERLICENSENUMBER","2015-2016","return true;","","","false","10"
"DRIVERLICENSESTATE","2015-2016","return true;","","","false","11"
"DRUGCONVICTIONAFFECTINGELIGIBILITY","2015-2016","return true;","","","false","22"
"EMAILADDRESS","2015-2016","return true;","","","false","12"
"FAAFEDERALSCHOOLCODE","2015-2016","return true;","","","false","165"
"FEDERALSCHOOLCODE1","2015-2016","return true;","","","false","132"
"FEDERALSCHOOLCODE10","2015-2016","return true;","","","false","150"
"FEDERALSCHOOLCODE10HOUSINGPLANS","2015-2016","return true;","","","false","151"
"FEDERALSCHOOLCODE1HOUSINGPLANS","2015-2016","return true;","","","false","133"
"FEDERALSCHOOLCODE2","2015-2016","return true;","","","false","134"
"FEDERALSCHOOLCODE2HOUSINGPLANS","2015-2016","return true;","","","false","135"
"FEDERALSCHOOLCODE3","2015-2016","return true;","","","false","136"
"FEDERALSCHOOLCODE3HOUSINGPLANS","2015-2016","return true;","","","false","137"
"FEDERALSCHOOLCODE4","2015-2016","return true;","","","false","138"
"FEDERALSCHOOLCODE4HOUSINGPLANS","2015-2016","return true;","","","false","139"
"FEDERALSCHOOLCODE5","2015-2016","return true;","","","false","140"
"FEDERALSCHOOLCODE5HOUSINGPLANS","2015-2016","return true;","","","false","141"
"FEDERALSCHOOLCODE6","2015-2016","return true;","","","false","142"
"FEDERALSCHOOLCODE6HOUSINGPLANS","2015-2016","return true;","","","false","143"
"FEDERALSCHOOLCODE7","2015-2016","return true;","","","false","144"
"FEDERALSCHOOLCODE7HOUSINGPLANS","2015-2016","return true;","","","false","145"
"FEDERALSCHOOLCODE8","2015-2016","return true;","","","false","146"
"FEDERALSCHOOLCODE8HOUSINGPLANS","2015-2016","return true;","","","false","147"
"FEDERALSCHOOLCODE9","2015-2016","return true;","","","false","148"
"FEDERALSCHOOLCODE9HOUSINGPLANS","2015-2016","return true;","","","false","149"
"FIRSTBACHELORSDEGREEBY","2015-2016","return true;","","","false","30"
"GRADELEVELINCOLLEGE","2015-2016","return true;","","","false","31"
"HAVECHILDRENYOUSUPPORT","2015-2016","return true;","","","false","67"
"HAVELEGALDEPENDENTSOTHERTHANCHILDRENORSPOUSE","2015-2016","return true;","","","false","68"
"HIGHSCHOOLCITY","2015-2016","return true;","","","false","27"
"HIGHSCHOOLNAME","2015-2016","return true;","","","false","26"
"HIGHSCHOOLSTATE","2015-2016","return true;","","","false","28"
"HSDIPLOMAOREQUIVALENT","2015-2016","return true;","","","false","25"
"INTERESTEDINWORKSTUDY","2015-2016","return true;","","","false","33"
"ISSTUDENTMARRIED","2015-2016","return true;","","","false","63"
"LEGALSTATERESIDENCE","2015-2016","return true;","","","false","17"
"MAILINGADDRESS","2015-2016","return true;","","","false","3"
"MARITALSTATUSDATE","2015-2016","return true;","","","false","16"
"ORPHANWARDOFCOURTORFOSTERCARE","2015-2016","return true;","","","false","69"
"PARENT1DATEOFBIRTH","2015-2016","return true;","","","false","80"
"PARENT1FIRSTNAMEINITIAL","2015-2016","return true;","","","false","79"
"PARENT1HIGHESTGRADELEVELCOMPLETED","2015-2016","return true;","","","false","23"
"PARENT1INCOMEEARNEDFROMWORK","2015-2016","return true;","","","false","104"
"PARENT1LASTNAME","2015-2016","return true;","","","false","78"
"PARENT1SOCIALSECURITYNUMBER","2015-2016","return true;","","","false","77"
"PARENT2DATEOFBIRTH","2015-2016","return true;","","","false","84"
"PARENT2FIRSTNAMEINITIAL","2015-2016","return true;","","","false","83"
"PARENT2HIGHESTGRADELEVELCOMPLETED","2015-2016","return true;","","","false","24"
"PARENT2INCOMEEARNEDFROMWORK","2015-2016","return true;","","","false","105"
"PARENT2LASTNAME","2015-2016","return true;","","","false","82"
"PARENT2SOCIALSECURITYNUMBER","2015-2016","return true;","","","false","81"
"PARENTDISLOCATEDWORKER","2015-2016","return true;","","","false","100"
"PARENTFOODSTAMPBENEFITS","2015-2016","return true;","","","false","92"
"PARENTFREEORREDUCEDPRICESCHOOLLUNCHBENEFITS","2015-2016","return true;","","","false","93"
"PARENTSADJUSTEDGROSSINCOMEFROMIRSFORM","2015-2016","return true;","","","false","101"
"PARENTSBUSINESSANDORINVESTMENTFARMNETWORTH","2015-2016","return true;","","","false","108"
"PARENTSCASHSAVINGSANDCHECKING","2015-2016","return true;","","","false","106"
"PARENTSCHILDSUPPORTPAID","2015-2016","return true;","","","false","110"
"PARENTSCHILDSUPPORTRECEIVED","2015-2016","return true;","","","false","117"
"PARENTSCOMBATPAY","2015-2016","return true;","","","false","113"
"PARENTSCOOPERATIVEEDUCATION","2015-2016","return true;","","","false","114"
"PARENTSEDUCATIONALCREDITS","2015-2016","return true;","","","false","109"
"PARENTSELIGIBLETOFILE1040AOR1040EZ","2015-2016","return true;","","","false","99"
"PARENTSEMAILADDRESS","2015-2016","return true;","","","false","85"
"PARENTSEXEMPTIONSCLAIMED","2015-2016","return true;","","","false","103"
"PARENTSGRANTSCHOLARSHIPAID","2015-2016","return true;","","","false","112"
"PARENTSINTERESTINCOME","2015-2016","return true;","","","false","118"
"PARENTSINVESTMENTNETWORTH","2015-2016","return true;","","","false","107"
"PARENTSIRADISTRIBUTIONS","2015-2016","return true;","","","false","119"
"PARENTSIRAPAYMENTS","2015-2016","return true;","","","false","116"
"PARENTSLEGALRESIDENCEDATE","2015-2016","return true;","","","false","88"
"PARENTSLEGALRESIDENTSBEFORE","2015-2016","return true;","","","false","87"
"PARENTSMARITALSTATUS","2015-2016","return true;","","","false","75"
"PARENTSMARITALSTATUSDATE","2015-2016","return true;","","","false","76"
"PARENTSMILITARYCLERGYALLOWANCES","2015-2016","return true;","","","false","121"
"PARENTSNEEDBASEDEMPLOYMENT","2015-2016","return true;","","","false","111"
"PARENTSNUMBERINCOLLEGE","2015-2016","return true;","","","false","90"
"PARENTSNUMBEROFFAMILYMEMBERS","2015-2016","return true;","","","false","89"
"PARENTSOTHERUNTAXEDINCOME","2015-2016","return true;","","","false","123"
"PARENTSPENSIONPAYMENTS","2015-2016","return true;","","","false","115"
"PARENTSSTATEOFLEGALRESIDENCE","2015-2016","return true;","","","false","86"
"PARENTSTAXRETURNCOMPLETED","2015-2016","return true;","","","false","96"
"PARENTSTAXRETURNFILINGSTATUS","2015-2016","return true;","","","false","98"
"PARENTSTYPEOFTAXFORMUSED","2015-2016","return true;","","","false","97"
"PARENTSUNTAXEDPENSIONS","2015-2016","return true;","","","false","120"
"PARENTSUPPLEMENTALSECURITYINCOMEBENEFITS","2015-2016","return true;","","","false","91"
"PARENTSUSINCOMETAXPAID","2015-2016","return true;","","","false","102"
"PARENTSVETERANSNONEDUCATIONBENEFITS","2015-2016","return true;","","","false","122"
"PARENTTANFBENEFITS","2015-2016","return true;","","","false","94"
"PARENTWICBENEFITS","2015-2016","return true;","","","false","95"
"PERMANENTCITY","2015-2016","return true;","","","false","4"
"PERMANENTPHONENO","2015-2016","return true;","","","false","9"
"PERMANENTSTATE","2015-2016","return true;","","","false","5"
"PERMANENTZIPCODE","2015-2016","return true;","","","false","6"
"PREPARERSEMPLOYERIDENTIFICATIONNUMBEREIN","2015-2016","return true;","","","false","155"
"PREPARERSSIGNATURE","2015-2016","return true;","","","false","156"
"PREPARERSSOCIALSECURITYNUMBER","2015-2016","return true;","","","false","154"
"PROFESSIONALJUDGMENT","2015-2016","return true;","","","false","164"
"SIGNEDBY","2015-2016","return true;","","","false","153"
"SPOUSESINCOMEEARNEDFROMWORK","2015-2016","return true;","","","false","42"
"STUDENTELIGIBLETOFILE1040AOR1040EZ","2015-2016","return true;","","","false","37"
"STUDENTFIRSTNAME","2015-2016","return true;","","","false","1"
"STUDENTFOODSTAMPBENEFITS","2015-2016","return true;","","","false","127"
"STUDENTFREEORREDUCEDPRICESCHOOLLUNCHBENEFITS","2015-2016","return true;","","","false","128"
"STUDENTLASTNAME","2015-2016","return true;","","","false","0"
"STUDENTLEGALRESDATE","2015-2016","return true;","","","false","19"
"STUDENTMARITALSTATUS","2015-2016","return true;","","","false","15"
"STUDENTMIDDLEINITIAL","2015-2016","return true;","","","false","2"
"STUDENTSADJUSTEDGROSSINCOMEFROMIRSFORM","2015-2016","return true;","","","false","38"
"STUDENTSBUSINESSANDORINVESTMENTFARMNETWORTH","2015-2016","return true;","","","false","45"
"STUDENTSCASHSAVINGSANDCHECKING","2015-2016","return true;","","","false","43"
"STUDENTSCHILDSUPPORTPAID","2015-2016","return true;","","","false","47"
"STUDENTSCHILDSUPPORTRECEIVED","2015-2016","return true;","","","false","54"
"STUDENTSCOMBATPAY","2015-2016","return true;","","","false","50"
"STUDENTSCOOPERATIVEEDUCATION","2015-2016","return true;","","","false","51"
"STUDENTSEDUCATIONALCREDITS","2015-2016","return true;","","","false","46"
"STUDENTSEX","2015-2016","return true;","","","false","20"
"STUDENTSEXEMPTIONSCLAIMED","2015-2016","return true;","","","false","40"
"STUDENTSGRANTSCHOLARSHIPAID","2015-2016","return true;","","","false","49"
"STUDENTSINCOMEEARNEDFROMWORK","2015-2016","return true;","","","false","41"
"STUDENTSINTERESTINCOME","2015-2016","return true;","","","false","55"
"STUDENTSINVESTMENTNETWORTH","2015-2016","return true;","","","false","44"
"STUDENTSIRADISTRIBUTIONS","2015-2016","return true;","","","false","56"
"STUDENTSIRAPAYMENTS","2015-2016","return true;","","","false","53"
"STUDENTSMILITARYCLERGYALLOWANCES","2015-2016","return true;","","","false","58"
"STUDENTSNEEDBASEDEMPLOYMENT","2015-2016","return true;","","","false","48"
"STUDENTSNUMBERINCOLLEGE","2015-2016","return true;","","","false","125"
"STUDENTSNUMBEROFFAMILYMEMBERS","2015-2016","return true;","","","false","124"
"STUDENTSOTHERNONREPORTEDMONEY","2015-2016","return true;","","","false","61"
"STUDENTSOTHERUNTAXEDINCOME","2015-2016","return true;","","","false","60"
"STUDENTSPENSIONPAYMENTS","2015-2016","return true;","","","false","52"
"STUDENTSPOUSEDISLOCATEDWORKER","2015-2016","return true;","","","false","131"
"STUDENTSSN","2015-2016","return true;","","","false","7"
"STUDENTSTAXRETURNCOMPLETED","2015-2016","return true;","","","false","34"
"STUDENTSTAXRETURNFILINGSTATUS","2015-2016","return true;","","","false","36"
"STUDENTSTYPEOFTAXFORMUSED","2015-2016","return true;","","","false","35"
"STUDENTSUNTAXEDPENSIONS","2015-2016","return true;","","","false","57"
"STUDENTSUPPLEMENTALSECURITYINCOMEBENEFITS","2015-2016","return true;","","","false","126"
"STUDENTSUSINCOMETAXPAID","2015-2016","return true;","","","false","39"
"STUDENTSVETERANSNONEDUCATIONBENEFITS","2015-2016","return true;","","","false","59"
"STUDENTTANFBENEFITS","2015-2016","return true;","","","false","129"
"STUDENTWICBENEFITS","2015-2016","return true;","","","false","130"
"STUNDENTSLEGALRESIDENCEBEFORE","2015-2016","return true;","","","false","18"
"UNACCOMPANIEDYOUTHDETERMINEDBYHUD","2015-2016","return true;","","","false","73"
"UNACCOMPANIEDYOUTHDETERMINEDBYSCHOOLDISTRICTLIAISON","2015-2016","return true;","","","false","72"
"VETERANOFUSARMEDFORCES","2015-2016","return true;","","","false","66"
"WORKINGONAMASTERSORDOCTORATEPROGRAM","2015-2016","return true;","","","false","64"
"ALIENREGISTRATIONNUMBER","2016-2017","return true;","","","false","14"
"AREYOUONACTIVEDUTYINUSARMEDFORCES","2016-2017","return true;","","","false","65"
"ASOFTODAYANEMANCIPATEDMINOR","2016-2017","return true;","","","false","70"
"ASOFTODAYINLEGALGUARDIANSHIP","2016-2017","return true;","","","false","71"
"ATRISKOFHOMELESSNESS","2016-2017","return true;","","","false","74"
"BORNBEFORE","2016-2017","return true;","","","false","62"
"CITIZENSHIPSTATUS","2016-2017","return true;","","","false","13"
"DATEAPPLICATIONCOMPLETED","2016-2017","return true;","","","false","152"
"DATEOFBIRTH","2016-2017","return true;","","","false","8"
"DEGREECERTIFICATE","2016-2017","return true;","","","false","32"
"DEPENDENCYOVERRIDE","2016-2017","return true;","","","false","163"
"DOYOUWANTSELECTIVESERVICETOREGISTERYOU","2016-2017","return true;","","","false","21"
"DRIVERLICENSENUMBER","2016-2017","return true;","","","false","10"
"DRIVERLICENSESTATE","2016-2017","return true;","","","false","11"
"DRUGCONVICTIONAFFECTINGELIGIBILITY","2016-2017","return true;","","","false","22"
"EMAILADDRESS","2016-2017","return true;","","","false","12"
"FAAFEDERALSCHOOLCODE","2016-2017","return true;","","","false","165"
"FEDERALSCHOOLCODE1","2016-2017","return true;","","","false","132"
"FEDERALSCHOOLCODE10","2016-2017","return true;","","","false","150"
"FEDERALSCHOOLCODE10HOUSINGPLANS","2016-2017","return true;","","","false","151"
"FEDERALSCHOOLCODE1HOUSINGPLANS","2016-2017","return true;","","","false","133"
"FEDERALSCHOOLCODE2","2016-2017","return true;","","","false","134"
"FEDERALSCHOOLCODE2HOUSINGPLANS","2016-2017","return true;","","","false","135"
"FEDERALSCHOOLCODE3","2016-2017","return true;","","","false","136"
"FEDERALSCHOOLCODE3HOUSINGPLANS","2016-2017","return true;","","","false","137"
"FEDERALSCHOOLCODE4","2016-2017","return true;","","","false","138"
"FEDERALSCHOOLCODE4HOUSINGPLANS","2016-2017","return true;","","","false","139"
"FEDERALSCHOOLCODE5","2016-2017","return true;","","","false","140"
"FEDERALSCHOOLCODE5HOUSINGPLANS","2016-2017","return true;","","","false","141"
"FEDERALSCHOOLCODE6","2016-2017","return true;","","","false","142"
"FEDERALSCHOOLCODE6HOUSINGPLANS","2016-2017","return true;","","","false","143"
"FEDERALSCHOOLCODE7","2016-2017","return true;","","","false","144"
"FEDERALSCHOOLCODE7HOUSINGPLANS","2016-2017","return true;","","","false","145"
"FEDERALSCHOOLCODE8","2016-2017","return true;","","","false","146"
"FEDERALSCHOOLCODE8HOUSINGPLANS","2016-2017","return true;","","","false","147"
"FEDERALSCHOOLCODE9","2016-2017","return true;","","","false","148"
"FEDERALSCHOOLCODE9HOUSINGPLANS","2016-2017","return true;","","","false","149"
"FIRSTBACHELORSDEGREEBY","2016-2017","return true;","","","false","30"
"GRADELEVELINCOLLEGE","2016-2017","return true;","","","false","31"
"HAVECHILDRENYOUSUPPORT","2016-2017","return true;","","","false","67"
"HAVELEGALDEPENDENTSOTHERTHANCHILDRENORSPOUSE","2016-2017","return true;","","","false","68"
"HIGHSCHOOLCITY","2016-2017","return true;","","","false","27"
"HIGHSCHOOLNAME","2016-2017","return true;","","","false","26"
"HIGHSCHOOLSTATE","2016-2017","return true;","","","false","28"
"HSDIPLOMAOREQUIVALENT","2016-2017","return true;","","","false","25"
"INTERESTEDINWORKSTUDY","2016-2017","return true;","","","false","33"
"ISSTUDENTMARRIED","2016-2017","return true;","","","false","63"
"LEGALSTATERESIDENCE","2016-2017","return true;","","","false","17"
"MAILINGADDRESS","2016-2017","return true;","","","false","3"
"MARITALSTATUSDATE","2016-2017","return true;","","","false","16"
"ORPHANWARDOFCOURTORFOSTERCARE","2016-2017","return true;","","","false","69"
"PARENT1DATEOFBIRTH","2016-2017","return true;","","","false","80"
"PARENT1FIRSTNAMEINITIAL","2016-2017","return true;","","","false","79"
"PARENT1HIGHESTGRADELEVELCOMPLETED","2016-2017","return true;","","","false","23"
"PARENT1INCOMEEARNEDFROMWORK","2016-2017","return true;","","","false","104"
"PARENT1LASTNAME","2016-2017","return true;","","","false","78"
"PARENT1SOCIALSECURITYNUMBER","2016-2017","return true;","","","false","77"
"PARENT2DATEOFBIRTH","2016-2017","return true;","","","false","84"
"PARENT2FIRSTNAMEINITIAL","2016-2017","return true;","","","false","83"
"PARENT2HIGHESTGRADELEVELCOMPLETED","2016-2017","return true;","","","false","24"
"PARENT2INCOMEEARNEDFROMWORK","2016-2017","return true;","","","false","105"
"PARENT2LASTNAME","2016-2017","return true;","","","false","82"
"PARENT2SOCIALSECURITYNUMBER","2016-2017","return true;","","","false","81"
"PARENTDISLOCATEDWORKER","2016-2017","return true;","","","false","100"
"PARENTFOODSTAMPBENEFITS","2016-2017","return true;","","","false","92"
"PARENTFREEORREDUCEDPRICESCHOOLLUNCHBENEFITS","2016-2017","return true;","","","false","93"
"PARENTSADJUSTEDGROSSINCOMEFROMIRSFORM","2016-2017","return true;","","","false","101"
"PARENTSBUSINESSANDORINVESTMENTFARMNETWORTH","2016-2017","return true;","","","false","108"
"PARENTSCASHSAVINGSANDCHECKING","2016-2017","return true;","","","false","106"
"PARENTSCHILDSUPPORTPAID","2016-2017","return true;","","","false","110"
"PARENTSCHILDSUPPORTRECEIVED","2016-2017","return true;","","","false","117"
"PARENTSCOMBATPAY","2016-2017","return true;","","","false","113"
"PARENTSCOOPERATIVEEDUCATION","2016-2017","return true;","","","false","114"
"PARENTSEDUCATIONALCREDITS","2016-2017","return true;","","","false","109"
"PARENTSELIGIBLETOFILE1040AOR1040EZ","2016-2017","return true;","","","false","99"
"PARENTSEMAILADDRESS","2016-2017","return true;","","","false","85"
"PARENTSEXEMPTIONSCLAIMED","2016-2017","return true;","","","false","103"
"PARENTSGRANTSCHOLARSHIPAID","2016-2017","return true;","","","false","112"
"PARENTSINTERESTINCOME","2016-2017","return true;","","","false","118"
"PARENTSINVESTMENTNETWORTH","2016-2017","return true;","","","false","107"
"PARENTSIRADISTRIBUTIONS","2016-2017","return true;","","","false","119"
"PARENTSIRAPAYMENTS","2016-2017","return true;","","","false","116"
"PARENTSLEGALRESIDENCEDATE","2016-2017","return true;","","","false","88"
"PARENTSLEGALRESIDENTSBEFORE","2016-2017","return true;","","","false","87"
"PARENTSMARITALSTATUS","2016-2017","return true;","","","false","75"
"PARENTSMARITALSTATUSDATE","2016-2017","return true;","","","false","76"
"PARENTSMILITARYCLERGYALLOWANCES","2016-2017","return true;","","","false","121"
"PARENTSNEEDBASEDEMPLOYMENT","2016-2017","return true;","","","false","111"
"PARENTSNUMBERINCOLLEGE","2016-2017","return true;","","","false","90"
"PARENTSNUMBEROFFAMILYMEMBERS","2016-2017","return true;","","","false","89"
"PARENTSOTHERUNTAXEDINCOME","2016-2017","return true;","","","false","123"
"PARENTSPENSIONPAYMENTS","2016-2017","return true;","","","false","115"
"PARENTSSTATEOFLEGALRESIDENCE","2016-2017","return true;","","","false","86"
"PARENTSTAXRETURNCOMPLETED","2016-2017","return true;","","","false","96"
"PARENTSTAXRETURNFILINGSTATUS","2016-2017","return true;","","","false","98"
"PARENTSTYPEOFTAXFORMUSED","2016-2017","return true;","","","false","97"
"PARENTSUNTAXEDPENSIONS","2016-2017","return true;","","","false","120"
"PARENTSUPPLEMENTALSECURITYINCOMEBENEFITS","2016-2017","return true;","","","false","91"
"PARENTSUSINCOMETAXPAID","2016-2017","return true;","","","false","102"
"PARENTSVETERANSNONEDUCATIONBENEFITS","2016-2017","return true;","","","false","122"
"PARENTTANFBENEFITS","2016-2017","return true;","","","false","94"
"PARENTWICBENEFITS","2016-2017","return true;","","","false","95"
"PERMANENTCITY","2016-2017","return true;","","","false","4"
"PERMANENTPHONENO","2016-2017","return true;","","","false","9"
"PERMANENTSTATE","2016-2017","return true;","","","false","5"
"PERMANENTZIPCODE","2016-2017","return true;","","","false","6"
"PREPARERSEMPLOYERIDENTIFICATIONNUMBEREIN","2016-2017","return true;","","","false","155"
"PREPARERSSIGNATURE","2016-2017","return true;","","","false","156"
"PREPARERSSOCIALSECURITYNUMBER","2016-2017","return true;","","","false","154"
"PROFESSIONALJUDGMENT","2016-2017","return true;","","","false","164"
"SIGNEDBY","2016-2017","return true;","","","false","153"
"SPOUSESINCOMEEARNEDFROMWORK","2016-2017","return true;","","","false","42"
"STUDENTELIGIBLETOFILE1040AOR1040EZ","2016-2017","return true;","","","false","37"
"STUDENTFIRSTNAME","2016-2017","return true;","","","false","1"
"STUDENTFOODSTAMPBENEFITS","2016-2017","return true;","","","false","127"
"STUDENTFREEORREDUCEDPRICESCHOOLLUNCHBENEFITS","2016-2017","return true;","","","false","128"
"STUDENTLASTNAME","2016-2017","return true;","","","false","0"
"STUDENTLEGALRESDATE","2016-2017","return true;","","","false","19"
"STUDENTMARITALSTATUS","2016-2017","return true;","","","false","15"
"STUDENTMIDDLEINITIAL","2016-2017","return true;","","","false","2"
"STUDENTSADJUSTEDGROSSINCOMEFROMIRSFORM","2016-2017","return true;","","","false","38"
"STUDENTSBUSINESSANDORINVESTMENTFARMNETWORTH","2016-2017","return true;","","","false","45"
"STUDENTSCASHSAVINGSANDCHECKING","2016-2017","return true;","","","false","43"
"STUDENTSCHILDSUPPORTPAID","2016-2017","return true;","","","false","47"
"STUDENTSCHILDSUPPORTRECEIVED","2016-2017","return true;","","","false","54"
"STUDENTSCOMBATPAY","2016-2017","return true;","","","false","50"
"STUDENTSCOOPERATIVEEDUCATION","2016-2017","return true;","","","false","51"
"STUDENTSEDUCATIONALCREDITS","2016-2017","return true;","","","false","46"
"STUDENTSEX","2016-2017","return true;","","","false","20"
"STUDENTSEXEMPTIONSCLAIMED","2016-2017","return true;","","","false","40"
"STUDENTSGRANTSCHOLARSHIPAID","2016-2017","return true;","","","false","49"
"STUDENTSINCOMEEARNEDFROMWORK","2016-2017","return true;","","","false","41"
"STUDENTSINTERESTINCOME","2016-2017","return true;","","","false","55"
"STUDENTSINVESTMENTNETWORTH","2016-2017","return true;","","","false","44"
"STUDENTSIRADISTRIBUTIONS","2016-2017","return true;","","","false","56"
"STUDENTSIRAPAYMENTS","2016-2017","return true;","","","false","53"
"STUDENTSMILITARYCLERGYALLOWANCES","2016-2017","return true;","","","false","58"
"STUDENTSNEEDBASEDEMPLOYMENT","2016-2017","return true;","","","false","48"
"STUDENTSNUMBERINCOLLEGE","2016-2017","return true;","","","false","125"
"STUDENTSNUMBEROFFAMILYMEMBERS","2016-2017","return true;","","","false","124"
"STUDENTSOTHERNONREPORTEDMONEY","2016-2017","return true;","","","false","61"
"STUDENTSOTHERUNTAXEDINCOME","2016-2017","return true;","","","false","60"
"STUDENTSPENSIONPAYMENTS","2016-2017","return true;","","","false","52"
"STUDENTSPOUSEDISLOCATEDWORKER","2016-2017","return true;","","","false","131"
"STUDENTSSN","2016-2017","return true;","","","false","7"
"STUDENTSTAXRETURNCOMPLETED","2016-2017","return true;","","","false","34"
"STUDENTSTAXRETURNFILINGSTATUS","2016-2017","return true;","","","false","36"
"STUDENTSTYPEOFTAXFORMUSED","2016-2017","return true;","","","false","35"
"STUDENTSUNTAXEDPENSIONS","2016-2017","return true;","","","false","57"
"STUDENTSUPPLEMENTALSECURITYINCOMEBENEFITS","2016-2017","return true;","","","false","126"
"STUDENTSUSINCOMETAXPAID","2016-2017","return true;","","","false","39"
"STUDENTSVETERANSNONEDUCATIONBENEFITS","2016-2017","return true;","","","false","59"
"STUDENTTANFBENEFITS","2016-2017","return true;","","","false","129"
"STUDENTWICBENEFITS","2016-2017","return true;","","","false","130"
"STUNDENTSLEGALRESIDENCEBEFORE","2016-2017","return true;","","","false","18"
"UNACCOMPANIEDYOUTHDETERMINEDBYHUD","2016-2017","return true;","","","false","73"
"UNACCOMPANIEDYOUTHDETERMINEDBYSCHOOLDISTRICTLIAISON","2016-2017","return true;","","","false","72"
"VETERANOFUSARMEDFORCES","2016-2017","return true;","","","false","66"
"WORKINGONAMASTERSORDOCTORATEPROGRAM","2016-2017","return true;","","","false","64"
"ALIENREGISTRATIONNUMBER","2017-2018","return true;","","","false","14"
"AREYOUONACTIVEDUTYINUSARMEDFORCES","2017-2018","return true;","","","false","65"
"ASOFTODAYANEMANCIPATEDMINOR","2017-2018","return true;","","","false","70"
"ASOFTODAYINLEGALGUARDIANSHIP","2017-2018","return true;","","","false","71"
"ATRISKOFHOMELESSNESS","2017-2018","return true;","","","false","74"
"BORNBEFORE","2017-2018","return true;","","","false","62"
"CITIZENSHIPSTATUS","2017-2018","return true;","","","false","13"
"DATEAPPLICATIONCOMPLETED","2017-2018","return true;","","","false","152"
"DATEOFBIRTH","2017-2018","return true;","","","false","8"
"DEGREECERTIFICATE","2017-2018","return true;","","","false","32"
"DEPENDENCYOVERRIDE","2017-2018","return true;","","","false","163"
"DOYOUWANTSELECTIVESERVICETOREGISTERYOU","2017-2018","return true;","","","false","21"
"DRIVERLICENSENUMBER","2017-2018","return true;","","","false","10"
"DRIVERLICENSESTATE","2017-2018","return true;","","","false","11"
"DRUGCONVICTIONAFFECTINGELIGIBILITY","2017-2018","return true;","","","false","22"
"EMAILADDRESS","2017-2018","return true;","","","false","12"
"FAAFEDERALSCHOOLCODE","2017-2018","return true;","","","false","165"
"FEDERALSCHOOLCODE1","2017-2018","return true;","","","false","132"
"FEDERALSCHOOLCODE10","2017-2018","return true;","","","false","150"
"FEDERALSCHOOLCODE10HOUSINGPLANS","2017-2018","return true;","","","false","151"
"FEDERALSCHOOLCODE1HOUSINGPLANS","2017-2018","return true;","","","false","133"
"FEDERALSCHOOLCODE2","2017-2018","return true;","","","false","134"
"FEDERALSCHOOLCODE2HOUSINGPLANS","2017-2018","return true;","","","false","135"
"FEDERALSCHOOLCODE3","2017-2018","return true;","","","false","136"
"FEDERALSCHOOLCODE3HOUSINGPLANS","2017-2018","return true;","","","false","137"
"FEDERALSCHOOLCODE4","2017-2018","return true;","","","false","138"
"FEDERALSCHOOLCODE4HOUSINGPLANS","2017-2018","return true;","","","false","139"
"FEDERALSCHOOLCODE5","2017-2018","return true;","","","false","140"
"FEDERALSCHOOLCODE5HOUSINGPLANS","2017-2018","return true;","","","false","141"
"FEDERALSCHOOLCODE6","2017-2018","return true;","","","false","142"
"FEDERALSCHOOLCODE6HOUSINGPLANS","2017-2018","return true;","","","false","143"
"FEDERALSCHOOLCODE7","2017-2018","return true;","","","false","144"
"FEDERALSCHOOLCODE7HOUSINGPLANS","2017-2018","return true;","","","false","145"
"FEDERALSCHOOLCODE8","2017-2018","return true;","","","false","146"
"FEDERALSCHOOLCODE8HOUSINGPLANS","2017-2018","return true;","","","false","147"
"FEDERALSCHOOLCODE9","2017-2018","return true;","","","false","148"
"FEDERALSCHOOLCODE9HOUSINGPLANS","2017-2018","return true;","","","false","149"
"FIRSTBACHELORSDEGREEBY","2017-2018","return true;","","","false","30"
"GRADELEVELINCOLLEGE","2017-2018","return true;","","","false","31"
"HAVECHILDRENYOUSUPPORT","2017-2018","return true;","","","false","67"
"HAVELEGALDEPENDENTSOTHERTHANCHILDRENORSPOUSE","2017-2018","return true;","","","false","68"
"HIGHSCHOOLCITY","2017-2018","return true;","","","false","27"
"HIGHSCHOOLNAME","2017-2018","return true;","","","false","26"
"HIGHSCHOOLSTATE","2017-2018","return true;","","","false","28"
"HSDIPLOMAOREQUIVALENT","2017-2018","return true;","","","false","25"
"INTERESTEDINWORKSTUDY","2017-2018","return true;","","","false","33"
"ISSTUDENTMARRIED","2017-2018","return true;","","","false","63"
"LEGALSTATERESIDENCE","2017-2018","return true;","","","false","17"
"MAILINGADDRESS","2017-2018","return true;","","","false","3"
"MARITALSTATUSDATE","2017-2018","return true;","","","false","16"
"ORPHANWARDOFCOURTORFOSTERCARE","2017-2018","return true;","","","false","69"
"PARENT1DATEOFBIRTH","2017-2018","return true;","","","false","80"
"PARENT1FIRSTNAMEINITIAL","2017-2018","return true;","","","false","79"
"PARENT1HIGHESTGRADELEVELCOMPLETED","2017-2018","return true;","","","false","23"
"PARENT1INCOMEEARNEDFROMWORK","2017-2018","return true;","","","false","104"
"PARENT1LASTNAME","2017-2018","return true;","","","false","78"
"PARENT1SOCIALSECURITYNUMBER","2017-2018","return true;","","","false","77"
"PARENT2DATEOFBIRTH","2017-2018","return true;","","","false","84"
"PARENT2FIRSTNAMEINITIAL","2017-2018","return true;","","","false","83"
"PARENT2HIGHESTGRADELEVELCOMPLETED","2017-2018","return true;","","","false","24"
"PARENT2INCOMEEARNEDFROMWORK","2017-2018","return true;","","","false","105"
"PARENT2LASTNAME","2017-2018","return true;","","","false","82"
"PARENT2SOCIALSECURITYNUMBER","2017-2018","return true;","","","false","81"
"PARENTDISLOCATEDWORKER","2017-2018","return true;","","","false","100"
"PARENTFOODSTAMPBENEFITS","2017-2018","return true;","","","false","92"
"PARENTFREEORREDUCEDPRICESCHOOLLUNCHBENEFITS","2017-2018","return true;","","","false","93"
"PARENTSADJUSTEDGROSSINCOMEFROMIRSFORM","2017-2018","return true;","","","false","101"
"PARENTSBUSINESSANDORINVESTMENTFARMNETWORTH","2017-2018","return true;","","","false","108"
"PARENTSCASHSAVINGSANDCHECKING","2017-2018","return true;","","","false","106"
"PARENTSCHILDSUPPORTPAID","2017-2018","return true;","","","false","110"
"PARENTSCHILDSUPPORTRECEIVED","2017-2018","return true;","","","false","117"
"PARENTSCOMBATPAY","2017-2018","return true;","","","false","113"
"PARENTSCOOPERATIVEEDUCATION","2017-2018","return true;","","","false","114"
"PARENTSEDUCATIONALCREDITS","2017-2018","return true;","","","false","109"
"PARENTSELIGIBLETOFILE1040AOR1040EZ","2017-2018","return true;","","","false","99"
"PARENTSEMAILADDRESS","2017-2018","return true;","","","false","85"
"PARENTSEXEMPTIONSCLAIMED","2017-2018","return true;","","","false","103"
"PARENTSGRANTSCHOLARSHIPAID","2017-2018","return true;","","","false","112"
"PARENTSINTERESTINCOME","2017-2018","return true;","","","false","118"
"PARENTSINVESTMENTNETWORTH","2017-2018","return true;","","","false","107"
"PARENTSIRADISTRIBUTIONS","2017-2018","return true;","","","false","119"
"PARENTSIRAPAYMENTS","2017-2018","return true;","","","false","116"
"PARENTSLEGALRESIDENCEDATE","2017-2018","return true;","","","false","88"
"PARENTSLEGALRESIDENTSBEFORE","2017-2018","return true;","","","false","87"
"PARENTSMARITALSTATUS","2017-2018","return true;","","","false","75"
"PARENTSMARITALSTATUSDATE","2017-2018","return true;","","","false","76"
"PARENTSMILITARYCLERGYALLOWANCES","2017-2018","return true;","","","false","121"
"PARENTSNEEDBASEDEMPLOYMENT","2017-2018","return true;","","","false","111"
"PARENTSNUMBERINCOLLEGE","2017-2018","return true;","","","false","90"
"PARENTSNUMBEROFFAMILYMEMBERS","2017-2018","return true;","","","false","89"
"PARENTSOTHERUNTAXEDINCOME","2017-2018","return true;","","","false","123"
"PARENTSPENSIONPAYMENTS","2017-2018","return true;","","","false","115"
"PARENTSSTATEOFLEGALRESIDENCE","2017-2018","return true;","","","false","86"
"PARENTSTAXRETURNCOMPLETED","2017-2018","return true;","","","false","96"
"PARENTSTAXRETURNFILINGSTATUS","2017-2018","return true;","","","false","98"
"PARENTSTYPEOFTAXFORMUSED","2017-2018","return true;","","","false","97"
"PARENTSUNTAXEDPENSIONS","2017-2018","return true;","","","false","120"
"PARENTSUPPLEMENTALSECURITYINCOMEBENEFITS","2017-2018","return true;","","","false","91"
"PARENTSUSINCOMETAXPAID","2017-2018","return true;","","","false","102"
"PARENTSVETERANSNONEDUCATIONBENEFITS","2017-2018","return true;","","","false","122"
"PARENTTANFBENEFITS","2017-2018","return true;","","","false","94"
"PARENTWICBENEFITS","2017-2018","return true;","","","false","95"
"PERMANENTCITY","2017-2018","return true;","","","false","4"
"PERMANENTPHONENO","2017-2018","return true;","","","false","9"
"PERMANENTSTATE","2017-2018","return true;","","","false","5"
"PERMANENTZIPCODE","2017-2018","return true;","","","false","6"
"PREPARERSEMPLOYERIDENTIFICATIONNUMBEREIN","2017-2018","return true;","","","false","155"
"PREPARERSSIGNATURE","2017-2018","return true;","","","false","156"
"PREPARERSSOCIALSECURITYNUMBER","2017-2018","return true;","","","false","154"
"PROFESSIONALJUDGMENT","2017-2018","return true;","","","false","164"
"SIGNEDBY","2017-2018","return true;","","","false","153"
"SPOUSESINCOMEEARNEDFROMWORK","2017-2018","return true;","","","false","42"
"STUDENTELIGIBLETOFILE1040AOR1040EZ","2017-2018","return true;","","","false","37"
"STUDENTFIRSTNAME","2017-2018","return true;","","","false","1"
"STUDENTFOODSTAMPBENEFITS","2017-2018","return true;","","","false","127"
"STUDENTFREEORREDUCEDPRICESCHOOLLUNCHBENEFITS","2017-2018","return true;","","","false","128"
"STUDENTLASTNAME","2017-2018","return true;","","","false","0"
"STUDENTLEGALRESDATE","2017-2018","return true;","","","false","19"
"STUDENTMARITALSTATUS","2017-2018","return true;","","","false","15"
"STUDENTMIDDLEINITIAL","2017-2018","return true;","","","false","2"
"STUDENTSADJUSTEDGROSSINCOMEFROMIRSFORM","2017-2018","return true;","","","false","38"
"STUDENTSBUSINESSANDORINVESTMENTFARMNETWORTH","2017-2018","return true;","","","false","45"
"STUDENTSCASHSAVINGSANDCHECKING","2017-2018","return true;","","","false","43"
"STUDENTSCHILDSUPPORTPAID","2017-2018","return true;","","","false","47"
"STUDENTSCHILDSUPPORTRECEIVED","2017-2018","return true;","","","false","54"
"STUDENTSCOMBATPAY","2017-2018","return true;","","","false","50"
"STUDENTSCOOPERATIVEEDUCATION","2017-2018","return true;","","","false","51"
"STUDENTSEDUCATIONALCREDITS","2017-2018","return true;","","","false","46"
"STUDENTSEX","2017-2018","return true;","","","false","20"
"STUDENTSEXEMPTIONSCLAIMED","2017-2018","return true;","","","false","40"
"STUDENTSGRANTSCHOLARSHIPAID","2017-2018","return true;","","","false","49"
"STUDENTSINCOMEEARNEDFROMWORK","2017-2018","return true;","","","false","41"
"STUDENTSINTERESTINCOME","2017-2018","return true;","","","false","55"
"STUDENTSINVESTMENTNETWORTH","2017-2018","return true;","","","false","44"
"STUDENTSIRADISTRIBUTIONS","2017-2018","return true;","","","false","56"
"STUDENTSIRAPAYMENTS","2017-2018","return true;","","","false","53"
"STUDENTSMILITARYCLERGYALLOWANCES","2017-2018","return true;","","","false","58"
"STUDENTSNEEDBASEDEMPLOYMENT","2017-2018","return true;","","","false","48"
"STUDENTSNUMBERINCOLLEGE","2017-2018","return true;","","","false","125"
"STUDENTSNUMBEROFFAMILYMEMBERS","2017-2018","return true;","","","false","124"
"STUDENTSOTHERNONREPORTEDMONEY","2017-2018","return true;","","","false","61"
"STUDENTSOTHERUNTAXEDINCOME","2017-2018","return true;","","","false","60"
"STUDENTSPENSIONPAYMENTS","2017-2018","return true;","","","false","52"
"STUDENTSPOUSEDISLOCATEDWORKER","2017-2018","return true;","","","false","131"
"STUDENTSSN","2017-2018","return true;","","","false","7"
"STUDENTSTAXRETURNCOMPLETED","2017-2018","return true;","","","false","34"
"STUDENTSTAXRETURNFILINGSTATUS","2017-2018","return true;","","","false","36"
"STUDENTSTYPEOFTAXFORMUSED","2017-2018","return true;","","","false","35"
"STUDENTSUNTAXEDPENSIONS","2017-2018","return true;","","","false","57"
"STUDENTSUPPLEMENTALSECURITYINCOMEBENEFITS","2017-2018","return true;","","","false","126"
"STUDENTSUSINCOMETAXPAID","2017-2018","return true;","","","false","39"
"STUDENTSVETERANSNONEDUCATIONBENEFITS","2017-2018","return true;","","","false","59"
"STUDENTTANFBENEFITS","2017-2018","return true;","","","false","129"
"STUDENTWICBENEFITS","2017-2018","return true;","","","false","130"
"STUNDENTSLEGALRESIDENCEBEFORE","2017-2018","return true;","","","false","18"
"UNACCOMPANIEDYOUTHDETERMINEDBYHUD","2017-2018","return true;","","","false","73"
"UNACCOMPANIEDYOUTHDETERMINEDBYSCHOOLDISTRICTLIAISON","2017-2018","return true;","","","false","72"
"VETERANOFUSARMEDFORCES","2017-2018","return true;","","","false","66"
"WORKINGONAMASTERSORDOCTORATEPROGRAM","2017-2018","return true;","","","false","64"
"ALIENREGISTRATIONNUMBER","2018-2019","return true;","","","false","14"
"AREYOUONACTIVEDUTYINUSARMEDFORCES","2018-2019","return true;","","","false","65"
"ASOFTODAYANEMANCIPATEDMINOR","2018-2019","return true;","","","false","70"
"ASOFTODAYINLEGALGUARDIANSHIP","2018-2019","return true;","","","false","71"
"ATRISKOFHOMELESSNESS","2018-2019","return true;","","","false","74"
"BORNBEFORE","2018-2019","return true;","","","false","62"
"CITIZENSHIPSTATUS","2018-2019","return true;","","","false","13"
"DATEAPPLICATIONCOMPLETED","2018-2019","return true;","","","false","152"
"DATEOFBIRTH","2018-2019","return true;","","","false","8"
"DEGREECERTIFICATE","2018-2019","return true;","","","false","32"
"DEPENDENCYOVERRIDE","2018-2019","return true;","","","false","163"
"DOYOUWANTSELECTIVESERVICETOREGISTERYOU","2018-2019","return true;","","","false","21"
"DRIVERLICENSENUMBER","2018-2019","return true;","","","false","10"
"DRIVERLICENSESTATE","2018-2019","return true;","","","false","11"
"DRUGCONVICTIONAFFECTINGELIGIBILITY","2018-2019","return true;","","","false","22"
"EMAILADDRESS","2018-2019","return true;","","","false","12"
"FAAFEDERALSCHOOLCODE","2018-2019","return true;","","","false","165"
"FEDERALSCHOOLCODE1","2018-2019","return true;","","","false","132"
"FEDERALSCHOOLCODE10","2018-2019","return true;","","","false","150"
"FEDERALSCHOOLCODE10HOUSINGPLANS","2018-2019","return true;","","","false","151"
"FEDERALSCHOOLCODE1HOUSINGPLANS","2018-2019","return true;","","","false","133"
"FEDERALSCHOOLCODE2","2018-2019","return true;","","","false","134"
"FEDERALSCHOOLCODE2HOUSINGPLANS","2018-2019","return true;","","","false","135"
"FEDERALSCHOOLCODE3","2018-2019","return true;","","","false","136"
"FEDERALSCHOOLCODE3HOUSINGPLANS","2018-2019","return true;","","","false","137"
"FEDERALSCHOOLCODE4","2018-2019","return true;","","","false","138"
"FEDERALSCHOOLCODE4HOUSINGPLANS","2018-2019","return true;","","","false","139"
"FEDERALSCHOOLCODE5","2018-2019","return true;","","","false","140"
"FEDERALSCHOOLCODE5HOUSINGPLANS","2018-2019","return true;","","","false","141"
"FEDERALSCHOOLCODE6","2018-2019","return true;","","","false","142"
"FEDERALSCHOOLCODE6HOUSINGPLANS","2018-2019","return true;","","","false","143"
"FEDERALSCHOOLCODE7","2018-2019","return true;","","","false","144"
"FEDERALSCHOOLCODE7HOUSINGPLANS","2018-2019","return true;","","","false","145"
"FEDERALSCHOOLCODE8","2018-2019","return true;","","","false","146"
"FEDERALSCHOOLCODE8HOUSINGPLANS","2018-2019","return true;","","","false","147"
"FEDERALSCHOOLCODE9","2018-2019","return true;","","","false","148"
"FEDERALSCHOOLCODE9HOUSINGPLANS","2018-2019","return true;","","","false","149"
"FIRSTBACHELORSDEGREEBY","2018-2019","return true;","","","false","30"
"GRADELEVELINCOLLEGE","2018-2019","return true;","","","false","31"
"HAVECHILDRENYOUSUPPORT","2018-2019","return true;","","","false","67"
"HAVELEGALDEPENDENTSOTHERTHANCHILDRENORSPOUSE","2018-2019","return true;","","","false","68"
"HIGHSCHOOLCITY","2018-2019","return true;","","","false","27"
"HIGHSCHOOLNAME","2018-2019","return true;","","","false","26"
"HIGHSCHOOLSTATE","2018-2019","return true;","","","false","28"
"HSDIPLOMAOREQUIVALENT","2018-2019","return true;","","","false","25"
"INTERESTEDINWORKSTUDY","2018-2019","return true;","","","false","33"
"ISSTUDENTMARRIED","2018-2019","return true;","","","false","63"
"LEGALSTATERESIDENCE","2018-2019","return true;","","","false","17"
"MAILINGADDRESS","2018-2019","return true;","","","false","3"
"MARITALSTATUSDATE","2018-2019","return true;","","","false","16"
"ORPHANWARDOFCOURTORFOSTERCARE","2018-2019","return true;","","","false","69"
"PARENT1DATEOFBIRTH","2018-2019","return true;","","","false","80"
"PARENT1FIRSTNAMEINITIAL","2018-2019","return true;","","","false","79"
"PARENT1HIGHESTGRADELEVELCOMPLETED","2018-2019","return true;","","","false","23"
"PARENT1INCOMEEARNEDFROMWORK","2018-2019","return true;","","","false","104"
"PARENT1LASTNAME","2018-2019","return true;","","","false","78"
"PARENT1SOCIALSECURITYNUMBER","2018-2019","return true;","","","false","77"
"PARENT2DATEOFBIRTH","2018-2019","return true;","","","false","84"
"PARENT2FIRSTNAMEINITIAL","2018-2019","return true;","","","false","83"
"PARENT2HIGHESTGRADELEVELCOMPLETED","2018-2019","return true;","","","false","24"
"PARENT2INCOMEEARNEDFROMWORK","2018-2019","return true;","","","false","105"
"PARENT2LASTNAME","2018-2019","return true;","","","false","82"
"PARENT2SOCIALSECURITYNUMBER","2018-2019","return true;","","","false","81"
"PARENTDISLOCATEDWORKER","2018-2019","return true;","","","false","100"
"PARENTFOODSTAMPBENEFITS","2018-2019","return true;","","","false","92"
"PARENTFREEORREDUCEDPRICESCHOOLLUNCHBENEFITS","2018-2019","return true;","","","false","93"
"PARENTSADJUSTEDGROSSINCOMEFROMIRSFORM","2018-2019","return true;","","","false","101"
"PARENTSBUSINESSANDORINVESTMENTFARMNETWORTH","2018-2019","return true;","","","false","108"
"PARENTSCASHSAVINGSANDCHECKING","2018-2019","return true;","","","false","106"
"PARENTSCHILDSUPPORTPAID","2018-2019","return true;","","","false","110"
"PARENTSCHILDSUPPORTRECEIVED","2018-2019","return true;","","","false","117"
"PARENTSCOMBATPAY","2018-2019","return true;","","","false","113"
"PARENTSCOOPERATIVEEDUCATION","2018-2019","return true;","","","false","114"
"PARENTSEDUCATIONALCREDITS","2018-2019","return true;","","","false","109"
"PARENTSELIGIBLETOFILE1040AOR1040EZ","2018-2019","return true;","","","false","99"
"PARENTSEMAILADDRESS","2018-2019","return true;","","","false","85"
"PARENTSEXEMPTIONSCLAIMED","2018-2019","return true;","","","false","103"
"PARENTSGRANTSCHOLARSHIPAID","2018-2019","return true;","","","false","112"
"PARENTSINTERESTINCOME","2018-2019","return true;","","","false","118"
"PARENTSINVESTMENTNETWORTH","2018-2019","return true;","","","false","107"
"PARENTSIRADISTRIBUTIONS","2018-2019","return true;","","","false","119"
"PARENTSIRAPAYMENTS","2018-2019","return true;","","","false","116"
"PARENTSLEGALRESIDENCEDATE","2018-2019","return true;","","","false","88"
"PARENTSLEGALRESIDENTSBEFORE","2018-2019","return true;","","","false","87"
"PARENTSMARITALSTATUS","2018-2019","return true;","","","false","75"
"PARENTSMARITALSTATUSDATE","2018-2019","return true;","","","false","76"
"PARENTSMILITARYCLERGYALLOWANCES","2018-2019","return true;","","","false","121"
"PARENTSNEEDBASEDEMPLOYMENT","2018-2019","return true;","","","false","111"
"PARENTSNUMBERINCOLLEGE","2018-2019","return true;","","","false","90"
"PARENTSNUMBEROFFAMILYMEMBERS","2018-2019","return true;","","","false","89"
"PARENTSOTHERUNTAXEDINCOME","2018-2019","return true;","","","false","123"
"PARENTSPENSIONPAYMENTS","2018-2019","return true;","","","false","115"
"PARENTSSTATEOFLEGALRESIDENCE","2018-2019","return true;","","","false","86"
"PARENTSTAXRETURNCOMPLETED","2018-2019","return true;","","","false","96"
"PARENTSTAXRETURNFILINGSTATUS","2018-2019","return true;","","","false","98"
"PARENTSTYPEOFTAXFORMUSED","2018-2019","return true;","","","false","97"
"PARENTSUNTAXEDPENSIONS","2018-2019","return true;","","","false","120"
"PARENTSUPPLEMENTALSECURITYINCOMEBENEFITS","2018-2019","return true;","","","false","91"
"PARENTSUSINCOMETAXPAID","2018-2019","return true;","","","false","102"
"PARENTSVETERANSNONEDUCATIONBENEFITS","2018-2019","return true;","","","false","122"
"PARENTTANFBENEFITS","2018-2019","return true;","","","false","94"
"PARENTWICBENEFITS","2018-2019","return true;","","","false","95"
"PERMANENTCITY","2018-2019","return true;","","","false","4"
"PERMANENTPHONENO","2018-2019","return true;","","","false","9"
"PERMANENTSTATE","2018-2019","return true;","","","false","5"
"PERMANENTZIPCODE","2018-2019","return true;","","","false","6"
"PREPARERSEMPLOYERIDENTIFICATIONNUMBEREIN","2018-2019","return true;","","","false","155"
"PREPARERSSIGNATURE","2018-2019","return true;","","","false","156"
"PREPARERSSOCIALSECURITYNUMBER","2018-2019","return true;","","","false","154"
"PROFESSIONALJUDGMENT","2018-2019","return true;","","","false","164"
"SIGNEDBY","2018-2019","return true;","","","false","153"
"SPOUSESINCOMEEARNEDFROMWORK","2018-2019","return true;","","","false","42"
"STUDENTELIGIBLETOFILE1040AOR1040EZ","2018-2019","return true;","","","false","37"
"STUDENTFIRSTNAME","2018-2019","return true;","","","false","1"
"STUDENTFOODSTAMPBENEFITS","2018-2019","return true;","","","false","127"
"STUDENTFREEORREDUCEDPRICESCHOOLLUNCHBENEFITS","2018-2019","return true;","","","false","128"
"STUDENTLASTNAME","2018-2019","return true;","","","false","0"
"STUDENTLEGALRESDATE","2018-2019","return true;","","","false","19"
"STUDENTMARITALSTATUS","2018-2019","return true;","","","false","15"
"STUDENTMIDDLEINITIAL","2018-2019","return true;","","","false","2"
"STUDENTSADJUSTEDGROSSINCOMEFROMIRSFORM","2018-2019","return true;","","","false","38"
"STUDENTSBUSINESSANDORINVESTMENTFARMNETWORTH","2018-2019","return true;","","","false","45"
"STUDENTSCASHSAVINGSANDCHECKING","2018-2019","return true;","","","false","43"
"STUDENTSCHILDSUPPORTPAID","2018-2019","return true;","","","false","47"
"STUDENTSCHILDSUPPORTRECEIVED","2018-2019","return true;","","","false","54"
"STUDENTSCOMBATPAY","2018-2019","return true;","","","false","50"
"STUDENTSCOOPERATIVEEDUCATION","2018-2019","return true;","","","false","51"
"STUDENTSEDUCATIONALCREDITS","2018-2019","return true;","","","false","46"
"STUDENTSEX","2018-2019","return true;","","","false","20"
"STUDENTSEXEMPTIONSCLAIMED","2018-2019","return true;","","","false","40"
"STUDENTSGRANTSCHOLARSHIPAID","2018-2019","return true;","","","false","49"
"STUDENTSINCOMEEARNEDFROMWORK","2018-2019","return true;","","","false","41"
"STUDENTSINTERESTINCOME","2018-2019","return true;","","","false","55"
"STUDENTSINVESTMENTNETWORTH","2018-2019","return true;","","","false","44"
"STUDENTSIRADISTRIBUTIONS","2018-2019","return true;","","","false","56"
"STUDENTSIRAPAYMENTS","2018-2019","return true;","","","false","53"
"STUDENTSMILITARYCLERGYALLOWANCES","2018-2019","return true;","","","false","58"
"STUDENTSNEEDBASEDEMPLOYMENT","2018-2019","return true;","","","false","48"
"STUDENTSNUMBERINCOLLEGE","2018-2019","return true;","","","false","125"
"STUDENTSNUMBEROFFAMILYMEMBERS","2018-2019","return true;","","","false","124"
"STUDENTSOTHERNONREPORTEDMONEY","2018-2019","return true;","","","false","61"
"STUDENTSOTHERUNTAXEDINCOME","2018-2019","return true;","","","false","60"
"STUDENTSPENSIONPAYMENTS","2018-2019","return true;","","","false","52"
"STUDENTSPOUSEDISLOCATEDWORKER","2018-2019","return true;","","","false","131"
"STUDENTSSN","2018-2019","return true;","","","false","7"
"STUDENTSTAXRETURNCOMPLETED","2018-2019","return true;","","","false","34"
"STUDENTSTAXRETURNFILINGSTATUS","2018-2019","return true;","","","false","36"
"STUDENTSTYPEOFTAXFORMUSED","2018-2019","return true;","","","false","35"
"STUDENTSUNTAXEDPENSIONS","2018-2019","return true;","","","false","57"
"STUDENTSUPPLEMENTALSECURITYINCOMEBENEFITS","2018-2019","return true;","","","false","126"
"STUDENTSUSINCOMETAXPAID","2018-2019","return true;","","","false","39"
"STUDENTSVETERANSNONEDUCATIONBENEFITS","2018-2019","return true;","","","false","59"
"STUDENTTANFBENEFITS","2018-2019","return true;","","","false","129"
"STUDENTWICBENEFITS","2018-2019","return true;","","","false","130"
"STUNDENTSLEGALRESIDENCEBEFORE","2018-2019","return true;","","","false","18"
"UNACCOMPANIEDYOUTHDETERMINEDBYHUD","2018-2019","return true;","","","false","73"
"UNACCOMPANIEDYOUTHDETERMINEDBYSCHOOLDISTRICTLIAISON","2018-2019","return true;","","","false","72"
"VETERANOFUSARMEDFORCES","2018-2019","return true;","","","false","66"
"WORKINGONAMASTERSORDOCTORATEPROGRAM","2018-2019","return true;","","","false","64"
"ALIENREGISTRATIONNUMBER","2019-2020","return true;","","","false","14"
"AREYOUONACTIVEDUTYINUSARMEDFORCES","2019-2020","return true;","","","false","65"
"ASOFTODAYANEMANCIPATEDMINOR","2019-2020","return true;","","","false","70"
"ASOFTODAYINLEGALGUARDIANSHIP","2019-2020","return true;","","","false","71"
"ATRISKOFHOMELESSNESS","2019-2020","return true;","","","false","74"
"BORNBEFORE","2019-2020","return true;","","","false","62"
"CITIZENSHIPSTATUS","2019-2020","return true;","","","false","13"
"DATEAPPLICATIONCOMPLETED","2019-2020","return true;","","","false","152"
"DATEOFBIRTH","2019-2020","return true;","","","false","8"
"DEGREECERTIFICATE","2019-2020","return true;","","","false","32"
"DEPENDENCYOVERRIDE","2019-2020","return true;","","","false","163"
"DOYOUWANTSELECTIVESERVICETOREGISTERYOU","2019-2020","return true;","","","false","21"
"DRIVERLICENSENUMBER","2019-2020","return true;","","","false","10"
"DRIVERLICENSESTATE","2019-2020","return true;","","","false","11"
"DRUGCONVICTIONAFFECTINGELIGIBILITY","2019-2020","return true;","","","false","22"
"EMAILADDRESS","2019-2020","return true;","","","false","12"
"FAAFEDERALSCHOOLCODE","2019-2020","return true;","","","false","165"
"FEDERALSCHOOLCODE1","2019-2020","return true;","","","false","132"
"FEDERALSCHOOLCODE10","2019-2020","return true;","","","false","150"
"FEDERALSCHOOLCODE10HOUSINGPLANS","2019-2020","return true;","","","false","151"
"FEDERALSCHOOLCODE1HOUSINGPLANS","2019-2020","return true;","","","false","133"
"FEDERALSCHOOLCODE2","2019-2020","return true;","","","false","134"
"FEDERALSCHOOLCODE2HOUSINGPLANS","2019-2020","return true;","","","false","135"
"FEDERALSCHOOLCODE3","2019-2020","return true;","","","false","136"
"FEDERALSCHOOLCODE3HOUSINGPLANS","2019-2020","return true;","","","false","137"
"FEDERALSCHOOLCODE4","2019-2020","return true;","","","false","138"
"FEDERALSCHOOLCODE4HOUSINGPLANS","2019-2020","return true;","","","false","139"
"FEDERALSCHOOLCODE5","2019-2020","return true;","","","false","140"
"FEDERALSCHOOLCODE5HOUSINGPLANS","2019-2020","return true;","","","false","141"
"FEDERALSCHOOLCODE6","2019-2020","return true;","","","false","142"
"FEDERALSCHOOLCODE6HOUSINGPLANS","2019-2020","return true;","","","false","143"
"FEDERALSCHOOLCODE7","2019-2020","return true;","","","false","144"
"FEDERALSCHOOLCODE7HOUSINGPLANS","2019-2020","return true;","","","false","145"
"FEDERALSCHOOLCODE8","2019-2020","return true;","","","false","146"
"FEDERALSCHOOLCODE8HOUSINGPLANS","2019-2020","return true;","","","false","147"
"FEDERALSCHOOLCODE9","2019-2020","return true;","","","false","148"
"FEDERALSCHOOLCODE9HOUSINGPLANS","2019-2020","return true;","","","false","149"
"FIRSTBACHELORSDEGREEBY","2019-2020","return true;","","","false","30"
"GRADELEVELINCOLLEGE","2019-2020","return true;","","","false","31"
"HAVECHILDRENYOUSUPPORT","2019-2020","return true;","","","false","67"
"HAVELEGALDEPENDENTSOTHERTHANCHILDRENORSPOUSE","2019-2020","return true;","","","false","68"
"HIGHSCHOOLCITY","2019-2020","return true;","","","false","27"
"HIGHSCHOOLNAME","2019-2020","return true;","","","false","26"
"HIGHSCHOOLSTATE","2019-2020","return true;","","","false","28"
"HSDIPLOMAOREQUIVALENT","2019-2020","return true;","","","false","25"
"INTERESTEDINWORKSTUDY","2019-2020","return true;","","","false","33"
"ISSTUDENTMARRIED","2019-2020","return true;","","","false","63"
"LEGALSTATERESIDENCE","2019-2020","return true;","","","false","17"
"MAILINGADDRESS","2019-2020","return true;","","","false","3"
"MARITALSTATUSDATE","2019-2020","return true;","","","false","16"
"ORPHANWARDOFCOURTORFOSTERCARE","2019-2020","return true;","","","false","69"
"PARENT1DATEOFBIRTH","2019-2020","return true;","","","false","80"
"PARENT1FIRSTNAMEINITIAL","2019-2020","return true;","","","false","79"
"PARENT1HIGHESTGRADELEVELCOMPLETED","2019-2020","return true;","","","false","23"
"PARENT1INCOMEEARNEDFROMWORK","2019-2020","return true;","","","false","104"
"PARENT1LASTNAME","2019-2020","return true;","","","false","78"
"PARENT1SOCIALSECURITYNUMBER","2019-2020","return true;","","","false","77"
"PARENT2DATEOFBIRTH","2019-2020","return true;","","","false","84"
"PARENT2FIRSTNAMEINITIAL","2019-2020","return true;","","","false","83"
"PARENT2HIGHESTGRADELEVELCOMPLETED","2019-2020","return true;","","","false","24"
"PARENT2INCOMEEARNEDFROMWORK","2019-2020","return true;","","","false","105"
"PARENT2LASTNAME","2019-2020","return true;","","","false","82"
"PARENT2SOCIALSECURITYNUMBER","2019-2020","return true;","","","false","81"
"PARENTDISLOCATEDWORKER","2019-2020","return true;","","","false","100"
"PARENTFOODSTAMPBENEFITS","2019-2020","return true;","","","false","92"
"PARENTFREEORREDUCEDPRICESCHOOLLUNCHBENEFITS","2019-2020","return true;","","","false","93"
"PARENTSADJUSTEDGROSSINCOMEFROMIRSFORM","2019-2020","return true;","","","false","101"
"PARENTSBUSINESSANDORINVESTMENTFARMNETWORTH","2019-2020","return true;","","","false","108"
"PARENTSCASHSAVINGSANDCHECKING","2019-2020","return true;","","","false","106"
"PARENTSCHILDSUPPORTPAID","2019-2020","return true;","","","false","110"
"PARENTSCHILDSUPPORTRECEIVED","2019-2020","return true;","","","false","117"
"PARENTSCOMBATPAY","2019-2020","return true;","","","false","113"
"PARENTSCOOPERATIVEEDUCATION","2019-2020","return true;","","","false","114"
"PARENTSEDUCATIONALCREDITS","2019-2020","return true;","","","false","109"
"PARENTSELIGIBLETOFILE1040AOR1040EZ","2019-2020","return true;","","","false","99"
"PARENTSEMAILADDRESS","2019-2020","return true;","","","false","85"
"PARENTSEXEMPTIONSCLAIMED","2019-2020","return true;","","","false","103"
"PARENTSGRANTSCHOLARSHIPAID","2019-2020","return true;","","","false","112"
"PARENTSINTERESTINCOME","2019-2020","return true;","","","false","118"
"PARENTSINVESTMENTNETWORTH","2019-2020","return true;","","","false","107"
"PARENTSIRADISTRIBUTIONS","2019-2020","return true;","","","false","119"
"PARENTSIRAPAYMENTS","2019-2020","return true;","","","false","116"
"PARENTSLEGALRESIDENCEDATE","2019-2020","return true;","","","false","88"
"PARENTSLEGALRESIDENTSBEFORE","2019-2020","return true;","","","false","87"
"PARENTSMARITALSTATUS","2019-2020","return true;","","","false","75"
"PARENTSMARITALSTATUSDATE","2019-2020","return true;","","","false","76"
"PARENTSMILITARYCLERGYALLOWANCES","2019-2020","return true;","","","false","121"
"PARENTSNEEDBASEDEMPLOYMENT","2019-2020","return true;","","","false","111"
"PARENTSNUMBERINCOLLEGE","2019-2020","return true;","","","false","90"
"PARENTSNUMBEROFFAMILYMEMBERS","2019-2020","return true;","","","false","89"
"PARENTSOTHERUNTAXEDINCOME","2019-2020","return true;","","","false","123"
"PARENTSPENSIONPAYMENTS","2019-2020","return true;","","","false","115"
"PARENTSSTATEOFLEGALRESIDENCE","2019-2020","return true;","","","false","86"
"PARENTSTAXRETURNCOMPLETED","2019-2020","return true;","","","false","96"
"PARENTSTAXRETURNFILINGSTATUS","2019-2020","return true;","","","false","98"
"PARENTSTYPEOFTAXFORMUSED","2019-2020","return true;","","","false","97"
"PARENTSUNTAXEDPENSIONS","2019-2020","return true;","","","false","120"
"PARENTSUPPLEMENTALSECURITYINCOMEBENEFITS","2019-2020","return true;","","","false","91"
"PARENTSUSINCOMETAXPAID","2019-2020","return true;","","","false","102"
"PARENTSVETERANSNONEDUCATIONBENEFITS","2019-2020","return true;","","","false","122"
"PARENTTANFBENEFITS","2019-2020","return true;","","","false","94"
"PARENTWICBENEFITS","2019-2020","return true;","","","false","95"
"PERMANENTCITY","2019-2020","return true;","","","false","4"
"PERMANENTPHONENO","2019-2020","return true;","","","false","9"
"PERMANENTSTATE","2019-2020","return true;","","","false","5"
"PERMANENTZIPCODE","2019-2020","return true;","","","false","6"
"PREPARERSEMPLOYERIDENTIFICATIONNUMBEREIN","2019-2020","return true;","","","false","155"
"PREPARERSSIGNATURE","2019-2020","return true;","","","false","156"
"PREPARERSSOCIALSECURITYNUMBER","2019-2020","return true;","","","false","154"
"PROFESSIONALJUDGMENT","2019-2020","return true;","","","false","164"
"SIGNEDBY","2019-2020","return true;","","","false","153"
"SPOUSESINCOMEEARNEDFROMWORK","2019-2020","return true;","","","false","42"
"STUDENTELIGIBLETOFILE1040AOR1040EZ","2019-2020","return true;","","","false","37"
"STUDENTFIRSTNAME","2019-2020","return true;","","","false","1"
"STUDENTFOODSTAMPBENEFITS","2019-2020","return true;","","","false","127"
"STUDENTFREEORREDUCEDPRICESCHOOLLUNCHBENEFITS","2019-2020","return true;","","","false","128"
"STUDENTLASTNAME","2019-2020","return true;","","","false","0"
"STUDENTLEGALRESDATE","2019-2020","return true;","","","false","19"
"STUDENTMARITALSTATUS","2019-2020","return true;","","","false","15"
"STUDENTMIDDLEINITIAL","2019-2020","return true;","","","false","2"
"STUDENTSADJUSTEDGROSSINCOMEFROMIRSFORM","2019-2020","return true;","","","false","38"
"STUDENTSBUSINESSANDORINVESTMENTFARMNETWORTH","2019-2020","return true;","","","false","45"
"STUDENTSCASHSAVINGSANDCHECKING","2019-2020","return true;","","","false","43"
"STUDENTSCHILDSUPPORTPAID","2019-2020","return true;","","","false","47"
"STUDENTSCHILDSUPPORTRECEIVED","2019-2020","return true;","","","false","54"
"STUDENTSCOMBATPAY","2019-2020","return true;","","","false","50"
"STUDENTSCOOPERATIVEEDUCATION","2019-2020","return true;","","","false","51"
"STUDENTSEDUCATIONALCREDITS","2019-2020","return true;","","","false","46"
"STUDENTSEX","2019-2020","return true;","","","false","20"
"STUDENTSEXEMPTIONSCLAIMED","2019-2020","return true;","","","false","40"
"STUDENTSGRANTSCHOLARSHIPAID","2019-2020","return true;","","","false","49"
"STUDENTSINCOMEEARNEDFROMWORK","2019-2020","return true;","","","false","41"
"STUDENTSINTERESTINCOME","2019-2020","return true;","","","false","55"
"STUDENTSINVESTMENTNETWORTH","2019-2020","return true;","","","false","44"
"STUDENTSIRADISTRIBUTIONS","2019-2020","return true;","","","false","56"
"STUDENTSIRAPAYMENTS","2019-2020","return true;","","","false","53"
"STUDENTSMILITARYCLERGYALLOWANCES","2019-2020","return true;","","","false","58"
"STUDENTSNEEDBASEDEMPLOYMENT","2019-2020","return true;","","","false","48"
"STUDENTSNUMBERINCOLLEGE","2019-2020","return true;","","","false","125"
"STUDENTSNUMBEROFFAMILYMEMBERS","2019-2020","return true;","","","false","124"
"STUDENTSOTHERNONREPORTEDMONEY","2019-2020","return true;","","","false","61"
"STUDENTSOTHERUNTAXEDINCOME","2019-2020","return true;","","","false","60"
"STUDENTSPENSIONPAYMENTS","2019-2020","return true;","","","false","52"
"STUDENTSPOUSEDISLOCATEDWORKER","2019-2020","return true;","","","false","131"
"STUDENTSSN","2019-2020","return true;","","","false","7"
"STUDENTSTAXRETURNCOMPLETED","2019-2020","return true;","","","false","34"
"STUDENTSTAXRETURNFILINGSTATUS","2019-2020","return true;","","","false","36"
"STUDENTSTYPEOFTAXFORMUSED","2019-2020","return true;","","","false","35"
"STUDENTSUNTAXEDPENSIONS","2019-2020","return true;","","","false","57"
"STUDENTSUPPLEMENTALSECURITYINCOMEBENEFITS","2019-2020","return true;","","","false","126"
"STUDENTSUSINCOMETAXPAID","2019-2020","return true;","","","false","39"
"STUDENTSVETERANSNONEDUCATIONBENEFITS","2019-2020","return true;","","","false","59"
"STUDENTTANFBENEFITS","2019-2020","return true;","","","false","129"
"STUDENTWICBENEFITS","2019-2020","return true;","","","false","130"
"STUNDENTSLEGALRESIDENCEBEFORE","2019-2020","return true;","","","false","18"
"UNACCOMPANIEDYOUTHDETERMINEDBYHUD","2019-2020","return true;","","","false","73"
"UNACCOMPANIEDYOUTHDETERMINEDBYSCHOOLDISTRICTLIAISON","2019-2020","return true;","","","false","72"
"VETERANOFUSARMEDFORCES","2019-2020","return true;","","","false","66"
"WORKINGONAMASTERSORDOCTORATEPROGRAM","2019-2020","return true;","","","false","64"
"ALIENREGISTRATIONNUMBER","2020-2021","return true;","","","false","14"
"AREYOUONACTIVEDUTYINUSARMEDFORCES","2020-2021","return true;","","","false","63"
"ASOFTODAYANEMANCIPATEDMINOR","2020-2021","return true;","","","false","68"
"ASOFTODAYINLEGALGUARDIANSHIP","2020-2021","return true;","","","false","69"
"ATRISKOFHOMELESSNESS","2020-2021","return true;","","","false","72"
"BORNBEFORE","2020-2021","return true;","","","false","60"
"CITIZENSHIPSTATUS","2020-2021","return true;","","","false","13"
"DATEAPPLICATIONCOMPLETED","2020-2021","return true;","","","false","148"
"DATEOFBIRTH","2020-2021","return true;","","","false","8"
"DEGREECERTIFICATE","2020-2021","return true;","","","false","32"
"DEPENDENCYOVERRIDE","2020-2021","return true;","","","false","153"
"DOYOUWANTSELECTIVESERVICETOREGISTERYOU","2020-2021","return true;","","","false","21"
"DRIVERLICENSENUMBER","2020-2021","return true;","","","false","10"
"DRIVERLICENSESTATE","2020-2021","return true;","","","false","11"
"DRUGCONVICTIONAFFECTINGELIGIBILITY","2020-2021","return true;","","","false","22"
"EMAILADDRESS","2020-2021","return true;","","","false","12"
"FAAFEDERALSCHOOLCODE","2020-2021","return true;","","","false","155"
"FEDERALSCHOOLCODE1","2020-2021","return true;","","","false","128"
"FEDERALSCHOOLCODE10","2020-2021","return true;","","","false","146"
"FEDERALSCHOOLCODE10HOUSINGPLANS","2020-2021","return true;","","","false","147"
"FEDERALSCHOOLCODE1HOUSINGPLANS","2020-2021","return true;","","","false","129"
"FEDERALSCHOOLCODE2","2020-2021","return true;","","","false","130"
"FEDERALSCHOOLCODE2HOUSINGPLANS","2020-2021","return true;","","","false","131"
"FEDERALSCHOOLCODE3","2020-2021","return true;","","","false","132"
"FEDERALSCHOOLCODE3HOUSINGPLANS","2020-2021","return true;","","","false","133"
"FEDERALSCHOOLCODE4","2020-2021","return true;","","","false","134"
"FEDERALSCHOOLCODE4HOUSINGPLANS","2020-2021","return true;","","","false","135"
"FEDERALSCHOOLCODE5","2020-2021","return true;","","","false","136"
"FEDERALSCHOOLCODE5HOUSINGPLANS","2020-2021","return true;","","","false","137"
"FEDERALSCHOOLCODE6","2020-2021","return true;","","","false","138"
"FEDERALSCHOOLCODE6HOUSINGPLANS","2020-2021","return true;","","","false","139"
"FEDERALSCHOOLCODE7","2020-2021","return true;","","","false","140"
"FEDERALSCHOOLCODE7HOUSINGPLANS","2020-2021","return true;","","","false","141"
"FEDERALSCHOOLCODE8","2020-2021","return true;","","","false","142"
"FEDERALSCHOOLCODE8HOUSINGPLANS","2020-2021","return true;","","","false","143"
"FEDERALSCHOOLCODE9","2020-2021","return true;","","","false","144"
"FEDERALSCHOOLCODE9HOUSINGPLANS","2020-2021","return true;","","","false","145"
"FIRSTBACHELORSDEGREEBY","2020-2021","return true;","","","false","30"
"GRADELEVELINCOLLEGE","2020-2021","return true;","","","false","31"
"HAVECHILDRENYOUSUPPORT","2020-2021","return true;","","","false","65"
"HAVELEGALDEPENDENTSOTHERTHANCHILDRENORSPOUSE","2020-2021","return true;","","","false","66"
"HIGHSCHOOLCITY","2020-2021","return true;","","","false","27"
"HIGHSCHOOLNAME","2020-2021","return true;","","","false","26"
"HIGHSCHOOLSTATE","2020-2021","return true;","","","false","28"
"HSDIPLOMAOREQUIVALENT","2020-2021","return true;","","","false","25"
"INTERESTEDINWORKSTUDY","2020-2021","return true;","","","false","33"
"ISSTUDENTMARRIED","2020-2021","return true;","","","false","61"
"LEGALSTATERESIDENCE","2020-2021","return true;","","","false","17"
"MAILINGADDRESS","2020-2021","return true;","","","false","3"
"MARITALSTATUSDATE","2020-2021","return true;","","","false","16"
"ORPHANWARDOFCOURTORFOSTERCARE","2020-2021","return true;","","","false","67"
"PARENT1DATEOFBIRTH","2020-2021","return true;","","","false","78"
"PARENT1FIRSTNAMEINITIAL","2020-2021","return true;","","","false","77"
"PARENT1HIGHESTGRADELEVELCOMPLETED","2020-2021","return true;","","","false","23"
"PARENT1INCOMEEARNEDFROMWORK","2020-2021","return true;","","","false","101"
"PARENT1LASTNAME","2020-2021","return true;","","","false","76"
"PARENT1SOCIALSECURITYNUMBER","2020-2021","return true;","","","false","75"
"PARENT2DATEOFBIRTH","2020-2021","return true;","","","false","82"
"PARENT2FIRSTNAMEINITIAL","2020-2021","return true;","","","false","81"
"PARENT2HIGHESTGRADELEVELCOMPLETED","2020-2021","return true;","","","false","24"
"PARENT2INCOMEEARNEDFROMWORK","2020-2021","return true;","","","false","102"
"PARENT2LASTNAME","2020-2021","return true;","","","false","80"
"PARENT2SOCIALSECURITYNUMBER","2020-2021","return true;","","","false","79"
"PARENTDISLOCATEDWORKER","2020-2021","return true;","","","false","98"
"PARENTFOODSTAMPBENEFITS","2020-2021","return true;","","","false","90"
"PARENTFREEORREDUCEDPRICESCHOOLLUNCHBENEFITS","2020-2021","return true;","","","false","91"
"PARENTSADJUSTEDGROSSINCOMEFROMIRSFORM","2020-2021","return true;","","","false","99"
"PARENTSBUSINESSANDORINVESTMENTFARMNETWORTH","2020-2021","return true;","","","false","105"
"PARENTSCASHSAVINGSANDCHECKING","2020-2021","return true;","","","false","103"
"PARENTSCHILDSUPPORTPAID","2020-2021","return true;","","","false","107"
"PARENTSCHILDSUPPORTRECEIVED","2020-2021","return true;","","","false","114"
"PARENTSCOMBATPAY","2020-2021","return true;","","","false","110"
"PARENTSCOOPERATIVEEDUCATION","2020-2021","return true;","","","false","111"
"PARENTSEDUCATIONALCREDITS","2020-2021","return true;","","","false","106"
"PARENTSEMAILADDRESS","2020-2021","return true;","","","false","83"
"PARENTSFILEDSCHEDULE1","2020-2021","return true;","","","false","97"
"PARENTSGRANTSCHOLARSHIPAID","2020-2021","return true;","","","false","109"
"PARENTSINTERESTINCOME","2020-2021","return true;","","","false","115"
"PARENTSINVESTMENTNETWORTH","2020-2021","return true;","","","false","104"
"PARENTSIRAPAYMENTS","2020-2021","return true;","","","false","113"
"PARENTSLEGALRESIDENCEDATE","2020-2021","return true;","","","false","86"
"PARENTSLEGALRESIDENTSBEFORE","2020-2021","return true;","","","false","85"
"PARENTSMARITALSTATUS","2020-2021","return true;","","","false","73"
"PARENTSMARITALSTATUSDATE","2020-2021","return true;","","","false","74"
"PARENTSMILITARYCLERGYALLOWANCES","2020-2021","return true;","","","false","117"
"PARENTSNEEDBASEDEMPLOYMENT","2020-2021","return true;","","","false","108"
"PARENTSNUMBERINCOLLEGE","2020-2021","return true;","","","false","88"
"PARENTSNUMBEROFFAMILYMEMBERS","2020-2021","return true;","","","false","87"
"PARENTSOTHERUNTAXEDINCOME","2020-2021","return true;","","","false","119"
"PARENTSPENSIONPAYMENTS","2020-2021","return true;","","","false","112"
"PARENTSSTATEOFLEGALRESIDENCE","2020-2021","return true;","","","false","84"
"PARENTSTAXRETURNCOMPLETED","2020-2021","return true;","","","false","94"
"PARENTSTAXRETURNFILINGSTATUS","2020-2021","return true;","","","false","96"
"PARENTSTYPEOFTAXFORMUSED","2020-2021","return true;","","","false","95"
"PARENTSUNTAXEDIRADISTANDPENSIONS","2020-2021","return true;","","","false","116"
"PARENTSUPPLEMENTALSECURITYINCOMEBENEFITS","2020-2021","return true;","","","false","89"
"PARENTSUSINCOMETAXPAID","2020-2021","return true;","","","false","100"
"PARENTSVETERANSNONEDUCATIONBENEFITS","2020-2021","return true;","","","false","118"
"PARENTTANFBENEFITS","2020-2021","return true;","","","false","92"
"PARENTWICBENEFITS","2020-2021","return true;","","","false","93"
"PERMANENTCITY","2020-2021","return true;","","","false","4"
"PERMANENTPHONENO","2020-2021","return true;","","","false","9"
"PERMANENTSTATE","2020-2021","return true;","","","false","5"
"PERMANENTZIPCODE","2020-2021","return true;","","","false","6"
"PREPARERSEMPLOYERIDENTIFICATIONNUMBEREIN","2020-2021","return true;","","","false","151"
"PREPARERSSIGNATURE","2020-2021","return true;","","","false","152"
"PREPARERSSOCIALSECURITYNUMBER","2020-2021","return true;","","","false","150"
"PROFESSIONALJUDGMENT","2020-2021","return true;","","","false","154"
"SIGNEDBY","2020-2021","return true;","","","false","149"
"SPOUSESINCOMEEARNEDFROMWORK","2020-2021","return true;","","","false","41"
"STUDENTFILEDSCHEDULE1","2020-2021","return true;","","","false","37"
"STUDENTFIRSTNAME","2020-2021","return true;","","","false","1"
"STUDENTFOODSTAMPBENEFITS","2020-2021","return true;","","","false","123"
"STUDENTFREEORREDUCEDPRICESCHOOLLUNCHBENEFITS","2020-2021","return true;","","","false","124"
"STUDENTLASTNAME","2020-2021","return true;","","","false","0"
"STUDENTLEGALRESDATE","2020-2021","return true;","","","false","19"
"STUDENTMARITALSTATUS","2020-2021","return true;","","","false","15"
"STUDENTMIDDLEINITIAL","2020-2021","return true;","","","false","2"
"STUDENTSADJUSTEDGROSSINCOMEFROMIRSFORM","2020-2021","return true;","","","false","38"
"STUDENTSBUSINESSANDORINVESTMENTFARMNETWORTH","2020-2021","return true;","","","false","44"
"STUDENTSCASHSAVINGSANDCHECKING","2020-2021","return true;","","","false","42"
"STUDENTSCHILDSUPPORTPAID","2020-2021","return true;","","","false","46"
"STUDENTSCHILDSUPPORTRECEIVED","2020-2021","return true;","","","false","53"
"STUDENTSCOMBATPAY","2020-2021","return true;","","","false","49"
"STUDENTSCOOPERATIVEEDUCATION","2020-2021","return true;","","","false","50"
"STUDENTSEDUCATIONALCREDITS","2020-2021","return true;","","","false","45"
"STUDENTSEX","2020-2021","return true;","","","false","20"
"STUDENTSGRANTSCHOLARSHIPAID","2020-2021","return true;","","","false","48"
"STUDENTSINCOMEEARNEDFROMWORK","2020-2021","return true;","","","false","40"
"STUDENTSINTERESTINCOME","2020-2021","return true;","","","false","54"
"STUDENTSINVESTMENTNETWORTH","2020-2021","return true;","","","false","43"
"STUDENTSIRAPAYMENTS","2020-2021","return true;","","","false","52"
"STUDENTSMILITARYCLERGYALLOWANCES","2020-2021","return true;","","","false","56"
"STUDENTSNEEDBASEDEMPLOYMENT","2020-2021","return true;","","","false","47"
"STUDENTSNUMBERINCOLLEGE","2020-2021","return true;","","","false","121"
"STUDENTSNUMBEROFFAMILYMEMBERS","2020-2021","return true;","","","false","120"
"STUDENTSOTHERNONREPORTEDMONEY","2020-2021","return true;","","","false","59"
"STUDENTSOTHERUNTAXEDINCOME","2020-2021","return true;","","","false","58"
"STUDENTSPENSIONPAYMENTS","2020-2021","return true;","","","false","51"
"STUDENTSPOUSEDISLOCATEDWORKER","2020-2021","return true;","","","false","127"
"STUDENTSSN","2020-2021","return true;","","","false","7"
"STUDENTSTAXRETURNCOMPLETED","2020-2021","return true;","","","false","34"
"STUDENTSTAXRETURNFILINGSTATUS","2020-2021","return true;","","","false","36"
"STUDENTSTYPEOFTAXFORMUSED","2020-2021","return true;","","","false","35"
"STUDENTSUNTAXEDIRADISTANDPENSIONS","2020-2021","return true;","","","false","55"
"STUDENTSUPPLEMENTALSECURITYINCOMEBENEFITS","2020-2021","return true;","","","false","122"
"STUDENTSUSINCOMETAXPAID","2020-2021","return true;","","","false","39"
"STUDENTSVETERANSNONEDUCATIONBENEFITS","2020-2021","return true;","","","false","57"
"STUDENTTANFBENEFITS","2020-2021","return true;","","","false","125"
"STUDENTWICBENEFITS","2020-2021","return true;","","","false","126"
"STUNDENTSLEGALRESIDENCEBEFORE","2020-2021","return true;","","","false","18"
"UNACCOMPANIEDYOUTHDETERMINEDBYHUD","2020-2021","return true;","","","false","71"
"UNACCOMPANIEDYOUTHDETERMINEDBYSCHOOLDISTRICTLIAISON","2020-2021","return true;","","","false","70"
"VETERANOFUSARMEDFORCES","2020-2021","return true;","","","false","64"
"WORKINGONAMASTERSORDOCTORATEPROGRAM","2020-2021","return true;","","","false","62"